region,feature,identifiable,log_odds,odds_ratio,ci_low,ci_high,p_value,q_value
Busan,const,True,-71.53644657616702,1.9287498479639178e-22,1.9287498479639178e-22,1.9287498479639178e-22,0.0,0.0
Busan,X_COORD,True,26.973504948607772,518136702385.16785,518136702385.16785,518136702385.16785,0.0,0.0
Busan,Y_COORD,True,-39.53597223037211,6.7568678272824324e-18,6.7568678272824324e-18,6.7568678272824324e-18,0.0,0.0
Busan,ASORT_LCLASDC_2.0,True,-1.7137111874251203,0.18019580974689628,0.18019580974689628,0.18019580974689628,0.0,0.0
Busan,ASORT_LCLASDC_3.0,True,-0.6194900880947385,0.538218811815169,0.538218811815169,0.538218811815169,0.0,0.0
Busan,ASORT_LCLASDC_4.0,True,-1.7058545482005738,0.18161711926082724,0.18161711926082724,0.18161711926082724,0.0,0.0
Busan,ASORT_LCLASDC_5.0,True,-0.6061505263348826,0.5454465149148067,0.5454465149148067,0.5454465149148067,0.0,0.0
Busan,ASORT_LCLASDC_6.0,True,-2.7226234172203148,0.06570216394865762,0.06570216394865762,0.06570216394865762,0.0,0.0
Busan,ASORT_LCLASDC_7.0,True,0.5825500100096166,1.790598658468117,1.790598658468117,1.790598658468117,0.0,0.0
Busan,ASORT_LCLASDC_8.0,True,-0.5246882162174968,0.5917398304911561,0.5917398304911561,0.5917398304911561,0.0,0.0
Busan,ASORT_MLSFCDC_2.0,True,1.757095727908226,5.795580984341859,5.795580984341859,5.795580984341859,0.0,0.0
Busan,ASORT_MLSFCDC_3.0,True,-0.02894176945550042,0.9714730322232362,0.9714730322232362,0.9714730322232362,0.0,0.0
Busan,ASORT_MLSFCDC_4.0,True,3.2119349718673145,24.82707947715244,24.82707947715244,24.82707947715244,0.0,0.0
Busan,ASORT_MLSFCDC_5.0,True,-3.6841159903350817,0.025119370677705304,0.025119370677705304,0.025119370677705304,0.0,0.0
Busan,ASORT_SDASDC_10.0,True,-0.055263170110379234,0.9462360941258238,0.9462360941258238,0.9462360941258238,0.0,0.0
Busan,ASORT_SDASDC_11.0,True,-1.8880140907152707,0.15137212184269488,0.15137212184269488,0.15137212184269488,0.0,0.0
Busan,ASORT_SDASDC_12.0,True,60.10168599106729,5.184705528587072e+21,5.184705528587072e+21,5.184705528587072e+21,0.0,0.0
Busan,ASORT_SDASDC_13.0,True,-0.6545803394678082,0.519660097666635,0.519660097666635,0.519660097666635,0.0,0.0
Busan,ASORT_SDASDC_2.0,True,0.9690696684177833,2.6354914375502374,2.6354914375502374,2.6354914375502374,0.0,0.0
Busan,ASORT_SDASDC_23.0,True,29.484315618174186,6380806514164.026,898790179155.3474,45299439975479.44,4.574953870784295e-191,2.374160271891218e-190
Busan,ASORT_SDASDC_26.0,True,-23.011931497936914,1.0140167583487163e-10,1.4283279936626956e-11,7.198836617178694e-10,3.5405302021410844e-117,1.7631125148035904e-116
Busan,ASORT_SDASDC_27.0,True,120.19719141012115,5.184705528587072e+21,5.184705528587072e+21,5.184705528587072e+21,0.0,0.0
Busan,ASORT_SDASDC_3.0,True,-0.637145667254388,0.5287996421031372,0.5287996421031372,0.5287996421031372,0.0,0.0
Busan,ASORT_SDASDC_4.0,True,0.10181621670695865,1.1071799718473516,1.1071799718473516,1.1071799718473516,0.0,0.0
Busan,ASORT_SDASDC_5.0,True,-0.8209408302697336,0.4400174779391678,0.4400174779391678,0.4400174779391678,0.0,0.0
Busan,ASORT_SDASDC_6.0,True,0.5920283526399686,1.8076512535706322,1.8076512535706322,1.8076512535706322,0.0,0.0
Busan,ASORT_SDASDC_7.0,True,0.37041225543385103,1.4483315741664384,1.4483315741664384,1.4483315741664384,0.0,0.0
Busan,ASORT_SDASDC_8.0,True,-19.307157564205255,4.121051184722291e-09,4.121051184722291e-09,4.121051184722291e-09,0.0,0.0
Busan,ASORT_SDASDC_9.0,True,-2.3618302225241865,0.0942475712210313,0.0942475712210313,0.0942475712210313,0.0,0.0
Chungbuk,const,True,-2.023859825483069,0.13214442503270288,0.08111130478768935,0.2152862552628293,4.385971325276033e-16,1.3514274146006776e-15
Chungbuk,X_COORD,True,0.16688610186849812,1.1816196733706792,1.1457680880084962,1.2185930705431527,2.5034552557431723e-26,8.173532722393271e-26
Chungbuk,Y_COORD,True,0.826176576269474,2.2845671521471456,2.212743353650206,2.3587222910690913,0.0,0.0
Chungbuk,ASORT_LCLASDC_2.0,True,-1.1780912067787899,0.3078658303144811,0.1690234807914465,0.5607585941989507,0.00011771873066157709,0.00030226736570915366
Chungbuk,ASORT_LCLASDC_3.0,True,-1.0148578036306326,0.3624539658062898,0.21258806128011137,0.6179692149109298,0.00019289085783164817,0.000490181406757745
Chungbuk,ASORT_LCLASDC_4.0,True,-0.895840614837695,0.408264261358061,0.24555731428820693,0.6787812759126924,0.0005527876011140615,0.0013833720170011792
Chungbuk,ASORT_LCLASDC_5.0,True,-0.5773065471438472,0.56140845918869,0.3283240124999635,0.9599646874705945,0.034920052767524794,0.06998205696906391
Chungbuk,ASORT_LCLASDC_6.0,True,-0.4542594508155828,0.6349179818861864,0.15102726945872857,2.669192425759834,0.535254776603705,0.7163497569262435
Chungbuk,ASORT_LCLASDC_7.0,True,-0.4417247827144482,0.6429265556101162,0.39946671813151935,1.0347659445626112,0.0688734835422197,0.12764897513651996
Chungbuk,ASORT_LCLASDC_8.0,True,-1.218728896507233,0.29560567362374135,0.17497584246195635,0.4993987344141225,5.230733910238738e-06,1.4168966031580757e-05
Chungbuk,ASORT_MLSFCDC_2.0,True,-0.26823064009626685,0.76473138304161,0.6265741080933032,0.9333518264716566,0.008328488895341124,0.019009004747236918
Chungbuk,ASORT_MLSFCDC_3.0,True,-0.6387982770237084,0.5279264643583496,0.4075924989740176,0.6837867538570038,1.2986600038499038e-06,3.658510753702872e-06
Chungbuk,ASORT_MLSFCDC_4.0,True,-0.5991228686039112,0.5492932271890417,0.10001144376026805,3.0168852492420366,0.490574222872331,0.6681024637460198
Chungbuk,ASORT_MLSFCDC_5.0,True,-21.778907641691724,3.4796902745128237e-10,1.5367626958492758e-10,7.879059297341699e-10,0.0,0.0
Chungbuk,ASORT_SDASDC_10.0,True,-0.3849061113798067,0.6805145257751354,0.3630275380095668,1.2756608557303262,0.22990986757636822,0.3598271895719033
Chungbuk,ASORT_SDASDC_11.0,True,-21.029657837486827,7.36098012074139e-10,4.1585525751613397e-10,1.3029540292838009e-09,0.0,0.0
Chungbuk,ASORT_SDASDC_12.0,True,-21.419688180474004,4.983650972640489e-10,1.7738951654508894e-10,1.400126540780524e-09,0.0,0.0
Chungbuk,ASORT_SDASDC_13.0,True,0.34975381219520574,1.4187182344688174,0.8758907536386349,2.2979594435183643,0.15518717022219705,0.25673582187766153
Chungbuk,ASORT_SDASDC_2.0,True,-0.21560132173982183,0.8060565950638442,0.6283134952227468,1.0340812976101676,0.08982505913539279,0.16221155367673498
Chungbuk,ASORT_SDASDC_23.0,True,-19.310363076513045,4.1078622543612885e-09,3.6261077892986296e-10,4.653621260406636e-08,8.176071861909908e-55,3.2506479257432136e-54
Chungbuk,ASORT_SDASDC_26.0,True,-18.30999279353278,1.1170462786400918e-08,9.836792134862539e-10,1.2684952284407623e-07,2.280209732705029e-49,8.921773001774438e-49
Chungbuk,ASORT_SDASDC_27.0,True,-21.417629986278154,4.993918857171992e-10,4.42387361110228e-11,5.6374181869549395e-09,3.359366567691449e-67,1.4920429890737695e-66
Chungbuk,ASORT_SDASDC_3.0,True,0.08848904611056958,1.0925222851766225,0.8855789393784793,1.3478244462828464,0.4088681695156946,0.580899157265814
Chungbuk,ASORT_SDASDC_4.0,True,-0.3299177126482813,0.718982894196096,0.459284715226943,1.125524941301747,0.14906235696585,0.24743347469415505
Chungbuk,ASORT_SDASDC_5.0,True,-0.887847093339721,0.41154080863702897,0.23090752437110276,0.7334790740791262,0.002601650831824079,0.0062566529760452235
Chungbuk,ASORT_SDASDC_6.0,True,0.07028271583344953,1.0728114391644477,0.7872314131343704,1.4619899114793649,0.6562739533801196,0.8360285762697648
Chungbuk,ASORT_SDASDC_7.0,True,0.20338875822997143,1.2255488178382543,0.8694333005332185,1.7275274641350786,0.2455615221168852,0.37596841740256026
Chungbuk,ASORT_SDASDC_8.0,True,-0.7643117582544421,0.4656543034454428,0.11080154493832378,1.9569576438483622,0.2967505812776269,0.4367105569249852
Chungbuk,ASORT_SDASDC_9.0,True,-0.09060870305035068,0.9133750418512129,0.37937114026768565,2.199044361909164,0.839819317011385,0.9952666425158962
Chungnam,const,True,-3.6292531105359194,0.026535996465443946,0.012035269556514355,0.058507963208261696,2.3260681039080734e-19,7.3509716360684625e-19
Chungnam,X_COORD,True,-1.5567969675742312,0.21081022293921664,0.19555742397459858,0.22725268717721891,0.0,0.0
Chungnam,Y_COORD,True,0.6179188293606644,1.8550633183544745,1.8048057425387853,1.9067203932227967,0.0,0.0
Chungnam,ASORT_LCLASDC_2.0,True,0.2841730541937908,1.3286628415355701,0.5626987653317744,3.1372824239920014,0.5168133154121977,0.6980519575293519
Chungnam,ASORT_LCLASDC_3.0,True,-0.2409558322848131,0.785876335983998,0.3388485368023001,1.8226480222931316,0.5745266697184399,0.7614022800300829
Chungnam,ASORT_LCLASDC_4.0,True,0.5209664570655286,1.6836540429984073,0.7446714353240387,3.8066331029219427,0.21068629132070082,0.339161773046619
Chungnam,ASORT_LCLASDC_5.0,True,0.5050800863964303,1.657118227774076,0.7081525914325356,3.877752978727474,0.24425608616545158,0.3751347366964724
Chungnam,ASORT_LCLASDC_6.0,True,-0.2060556818212358,0.8137877618366585,0.15635470322641615,4.235565081506488,0.8065860372477179,0.9867169140524192
Chungnam,ASORT_LCLASDC_7.0,True,0.6675206702874279,1.9493981234430713,0.8929440004103507,4.255757406888915,0.09378837231875777,0.16846677261394372
Chungnam,ASORT_LCLASDC_8.0,True,-0.5596798920161612,0.5713919416993624,0.2467115684455985,1.3233621475312394,0.1915034292025779,0.31056312696339117
Chungnam,ASORT_MLSFCDC_2.0,True,-0.3666223811179629,0.6930713124501852,0.5671163117647093,0.8470005784998713,0.0003400404626396417,0.0008553058575578743
Chungnam,ASORT_MLSFCDC_3.0,True,-0.6266335768062363,0.5343877516674983,0.4102841062215743,0.6960305427430361,3.359917545107984e-06,9.305839043473236e-06
Chungnam,ASORT_MLSFCDC_4.0,True,-0.27628742687683183,0.7585948588718154,0.14057076052191447,4.093782787900878,0.7480326461981028,0.9242608886608138
Chungnam,ASORT_MLSFCDC_5.0,True,-20.777077474379592,9.476105840539831e-10,3.2889076120800047e-10,2.730285933581547e-09,0.0,0.0
Chungnam,ASORT_SDASDC_10.0,True,-0.48303588434805705,0.6169076856462401,0.3237060627098852,1.1756810775289142,0.1420783838435157,0.240703241356884
Chungnam,ASORT_SDASDC_11.0,True,-20.88530180267895,8.504106183493618e-10,4.227133250952618e-10,1.7108479361003479e-09,0.0,0.0
Chungnam,ASORT_SDASDC_12.0,True,-22.12197423036561,2.469156759840174e-10,8.135316300072645e-11,7.494158653192114e-10,0.0,0.0
Chungnam,ASORT_SDASDC_13.0,True,0.0854792773938971,1.0892389892396641,0.6587818016192811,1.800962887504755,0.7389947733184155,0.9176937613248837
Chungnam,ASORT_SDASDC_2.0,True,-0.4207092438534685,0.6565809786136939,0.49961620391208006,0.8628594871458143,0.0025428010282146515,0.006145102484852075
Chungnam,ASORT_SDASDC_23.0,True,-19.948365697774964,2.1703753808775847e-09,1.825223410511907e-10,2.5807960092942228e-08,3.5042058689215593e-56,1.4396445778152739e-55
Chungnam,ASORT_SDASDC_26.0,True,-18.977722620530248,5.729012724064252e-09,4.815208114049255e-10,6.816234317417577e-08,5.378953915937509e-51,2.1214594244457533e-50
Chungnam,ASORT_SDASDC_27.0,True,-21.037244486225376,7.30534625433912e-10,6.141388245049696e-11,8.689905566352084e-09,2.9205637387919465e-62,1.2630157221266927e-61
Chungnam,ASORT_SDASDC_3.0,True,0.11353195234326646,1.120227682219976,0.8997681433496048,1.3947038126291433,0.309920422060342,0.45204369253180054
Chungnam,ASORT_SDASDC_4.0,True,-0.14792923748924441,0.8624921448923832,0.5829477374432324,1.2760881503095367,0.45920363345552606,0.6350208050509731
Chungnam,ASORT_SDASDC_5.0,True,-0.4428756514980615,0.6421870571215936,0.36436487067068246,1.1318440649214756,0.12560287527652098,0.21803597715255224
Chungnam,ASORT_SDASDC_6.0,True,-0.03475089078031285,0.9658459874323408,0.7010873454613635,1.3305880893132775,0.8316373197631883,0.9903313976890141
Chungnam,ASORT_SDASDC_7.0,True,0.10914531236760128,1.115324408997114,0.7601610765824913,1.636427562033651,0.5768368682388497,0.7624144129805708
Chungnam,ASORT_SDASDC_8.0,True,0.10652953222970662,1.1124107779312153,0.36707357248588246,3.3711436388004308,0.8506235036750562,1.0
Chungnam,ASORT_SDASDC_9.0,True,0.05815895723291101,1.0598834584625116,0.44836662155397916,2.5054339273272896,0.8945875263619536,1.0
Daegu,const,True,-4.738388893499755,0.008752736422534518,0.004391163700495285,0.0174464902945252,2.5399239578667945e-41,9.073786313248765e-41
Daegu,X_COORD,True,1.042197442423116,2.8354408916446334,2.771476240479415,2.9008818234067877,0.0,0.0
Daegu,Y_COORD,True,-0.10031078621129771,0.9045562507366908,0.8830237894164614,0.9266137793269803,3.332382265246353e-16,1.0332480860166365e-15
Daegu,ASORT_LCLASDC_2.0,True,0.5841787718371154,1.7935174936097573,0.8458703116629496,3.8028347319109743,0.12764146222183984,0.22002531774603862
Daegu,ASORT_LCLASDC_3.0,True,1.0746040937607975,2.9288331276593684,1.4742380341392554,5.818642099193515,0.0021533271432479166,0.00525539743376843
Daegu,ASORT_LCLASDC_4.0,True,0.5611766974843652,1.7527337247041008,0.8891007744688215,3.455261313376395,0.10511279845380483,0.185736952106544
Daegu,ASORT_LCLASDC_5.0,True,-0.5220713084656623,0.5932903869874175,0.2922917961236962,1.2042537216566902,0.14833931044959903,0.24706513530963622
Daegu,ASORT_LCLASDC_6.0,True,-1.5128493635612796,0.22028142103671788,0.03875695668535753,1.2520050231985373,0.08791740535954222,0.15935029721417027
Daegu,ASORT_LCLASDC_7.0,True,0.7607835920122968,2.1399524133031638,1.0925448734444936,4.191494960535998,0.026551547026359288,0.054769509138054936
Daegu,ASORT_LCLASDC_8.0,True,1.4987032081125418,4.4758810190403775,2.1976512728360564,9.115873452821655,3.633595786635393e-05,9.579479801129673e-05
Daegu,ASORT_MLSFCDC_2.0,True,1.037325832315058,2.8216613207366157,2.196024743191142,3.6255386619057375,5.034161361671665e-16,1.5415164914932487e-15
Daegu,ASORT_MLSFCDC_3.0,True,0.3956134802824709,1.4852951107407604,1.0872093640377787,2.029141432149907,0.012945325312951641,0.028619037575269773
Daegu,ASORT_MLSFCDC_4.0,True,2.630114949370071,13.875364774903717,2.65832428284183,72.42372530668942,0.0018104507194181315,0.004462761023365694
Daegu,ASORT_MLSFCDC_5.0,True,-20.82762923743846,9.00897851205335e-10,3.2894606161545257e-10,2.4673252943675417e-09,0.0,0.0
Daegu,ASORT_SDASDC_10.0,True,0.19336870346224266,1.2133300700555214,0.6869384880320073,2.1430883325791203,0.5052660679170615,0.6855804614089774
Daegu,ASORT_SDASDC_11.0,True,0.686260975232673,1.9862749005088458,0.2626158791695202,15.023036660493473,0.506189225056527,0.6855804614089774
Daegu,ASORT_SDASDC_12.0,True,-20.61473422994146,1.1146401384179546e-09,3.8379278981782427e-10,3.237222457363361e-09,0.0,0.0
Daegu,ASORT_SDASDC_13.0,True,0.20858233265458037,1.2319303539819357,0.6866955876999007,2.210080309596078,0.4842385117263991,0.6631377396697632
Daegu,ASORT_SDASDC_2.0,True,0.2855420215303018,1.330482983139814,1.058999920651089,1.671562890520598,0.014193634115376257,0.031099829417246642
Daegu,ASORT_SDASDC_23.0,True,-18.777180879420264,7.001223766255074e-09,5.344414461221691e-10,9.171656610997558e-08,2.0140501200946527e-46,7.579593200050869e-46
Daegu,ASORT_SDASDC_26.0,True,-19.039182069026207,5.3875124585561e-09,4.1113098718122756e-10,7.059864470469303e-08,1.1490035041522656e-47,4.391152926721449e-47
Daegu,ASORT_SDASDC_27.0,True,-18.829143813503073,6.646710186375956e-09,5.074611236628438e-10,8.705840554403961e-08,1.1245073570190051e-46,4.264477900079765e-46
Daegu,ASORT_SDASDC_3.0,True,0.353817658257692,1.424495417820878,1.1648824359642016,1.7419673717657782,0.0005673194653218047,0.0014125681636547964
Daegu,ASORT_SDASDC_4.0,True,0.14579547077389368,1.1569595318123846,0.8147006865317792,1.6430026148005694,0.4152123446453927,0.5874606767800967
Daegu,ASORT_SDASDC_5.0,True,-0.01804310621309113,0.982118696028036,0.6154335575392743,1.5672806938647574,0.9396859822828351,1.0
Daegu,ASORT_SDASDC_6.0,True,0.07470245121317787,1.0775634754738566,0.7429784975509157,1.5628218683350588,0.6937174721838082,0.8680271923518209
Daegu,ASORT_SDASDC_7.0,True,-0.13111662124739593,0.8771154781250312,0.5789466767599101,1.3288470127716872,0.5361725361172086,0.7163497569262435
Daegu,ASORT_SDASDC_8.0,True,0.7487939234139626,2.114448291557235,0.7764542028968658,5.758087934856816,0.14292577000821216,0.24075556108732388
Daegu,ASORT_SDASDC_9.0,True,-22.249796202936718,2.1728827170752454e-10,1.5111556021126721e-10,3.124376666151068e-10,0.0,0.0
Daejeon,const,True,-4.2848126182101804,0.013776202688971836,0.006502114710506099,0.029188005591624325,4.8026794033386027e-29,1.5998114498958995e-28
Daejeon,X_COORD,True,-0.3267748865259352,0.7212460869653098,0.7095866314353143,0.7330971229130211,0.0,0.0
Daejeon,Y_COORD,True,0.19325880457362987,1.2131967337561915,1.193242285963412,1.233484877388784,1.8495510199449752e-115,9.118286528328728e-115
Daejeon,ASORT_LCLASDC_2.0,True,1.0073591255258074,2.738359793167501,1.1967049554307843,6.26605106196543,0.017070633443352294,0.03675031566625625
Daejeon,ASORT_LCLASDC_3.0,True,1.3078563283042945,3.698237401984928,1.6769401150178282,8.155902383726337,0.001190381291878809,0.0029490350597801652
Daejeon,ASORT_LCLASDC_4.0,True,0.9004761100778167,2.4607744318022564,1.1086883790507944,5.461778907970578,0.026853426421166185,0.05493252790719887
Daejeon,ASORT_LCLASDC_5.0,True,0.48539990549163436,1.6248246552395642,0.7002677643218825,3.770065244729515,0.25834037979159874,0.389485649043603
Daejeon,ASORT_LCLASDC_6.0,True,-1.540024041333338,0.2143759474814113,0.05703211351364895,0.8058099906740148,0.022631843704591172,0.0472775379083197
Daejeon,ASORT_LCLASDC_7.0,True,-0.07780170092025918,0.9251478643252864,0.4462387997138795,1.9180281307103413,0.8343309227878715,0.9911449275528208
Daejeon,ASORT_LCLASDC_8.0,True,1.7567519044882993,5.793588670389085,2.6125630839928116,12.847792991992355,1.5365076058156832e-05,4.094585133335848e-05
Daejeon,ASORT_MLSFCDC_2.0,True,0.544081936874296,1.723025809576316,1.3224159596254899,2.244995546867789,5.579878555184987e-05,0.00014554921310614807
Daejeon,ASORT_MLSFCDC_3.0,True,1.1865133488571857,3.2756402588234383,2.3118667181125785,4.641192773424573,2.491323737885286e-11,7.354626363936803e-11
Daejeon,ASORT_MLSFCDC_4.0,True,1.0038518571915624,2.7287724530920485,0.752346246671779,9.89730344730822,0.12673267538719743,0.21922529461715204
Daejeon,ASORT_MLSFCDC_5.0,True,1.6031045487004247,4.96843324870627,0.5798701803990299,42.57044038695533,0.14353368103712655,0.24075556108732388
Daejeon,ASORT_SDASDC_10.0,True,0.9096121425460899,2.4833591572107183,1.585054029437159,3.890764976568157,7.164788769438389e-05,0.00018590741385963818
Daejeon,ASORT_SDASDC_11.0,True,-20.44306818377852,1.3233913589832848e-09,8.066796426870473e-10,2.1710783269524872e-09,0.0,0.0
Daejeon,ASORT_SDASDC_12.0,True,1.8007123609162612,6.05395853215953,0.535691980384617,68.41695461409158,0.1455374859716638,0.24322027316620423
Daejeon,ASORT_SDASDC_13.0,True,0.4720186456059807,1.6032272765919848,0.9755831545118726,2.6346679814234863,0.06253802011554956,0.11767650349986997
Daejeon,ASORT_SDASDC_2.0,True,0.23413931128530602,1.2638205444089017,1.0204580382191961,1.5652210170810787,0.03190656997104199,0.06420383263560694
Daejeon,ASORT_SDASDC_23.0,True,-19.030295546567817,5.435602067237283e-09,5.358574855940824e-10,5.513736511602163e-08,2.5873129129762387e-58,1.0902096291429792e-57
Daejeon,ASORT_SDASDC_26.0,True,-18.74790061986156,7.209252115122722e-09,7.108548819825449e-10,7.311382024197402e-08,1.1681779402663613e-56,4.83959432396064e-56
Daejeon,ASORT_SDASDC_27.0,True,-19.417242450065892,3.6914649580984443e-09,3.63597242950972e-10,3.747804418502211e-08,1.3694441924501307e-60,5.870747711981864e-60
Daejeon,ASORT_SDASDC_3.0,True,0.1298806498321456,1.1386924720765912,0.9252480881046833,1.4013760878122428,0.22005309530729023,0.34995540640804546
Daejeon,ASORT_SDASDC_4.0,True,-0.018118042094194486,0.9820451028556202,0.6736495474526334,1.4316235907670032,0.9249401304162379,1.0
Daejeon,ASORT_SDASDC_5.0,True,-0.4790659907518776,0.6193616112057704,0.34242349377523645,1.1202759518808165,0.11310698464804253,0.1984403680835764
Daejeon,ASORT_SDASDC_6.0,True,0.40688093435367295,1.5021252435010108,1.0781824012135004,2.092763009879777,0.01617535462033661,0.034975657139587495
Daejeon,ASORT_SDASDC_7.0,True,0.342689997831932,1.4087319842595896,0.9788092755551945,2.0274897807341574,0.06508058996569518,0.12199517434634116
Daejeon,ASORT_SDASDC_8.0,True,-0.23212247681555787,0.7928490117376714,0.2400677197938642,2.6184676388527457,0.7033430757115089,0.8778433831032251
Daejeon,ASORT_SDASDC_9.0,True,0.4434565609345829,1.5580835320504314,0.7021903362095955,3.4572168935719025,0.27547176579762533,0.40783057218687474
Gangwon,const,True,-21.744826906514568,3.600324655307925e-10,7.38818518698824e-12,1.7544684243225055e-08,5.527713282600186e-28,1.8289682203502625e-27
Gangwon,X_COORD,True,7.023947814993028,1123.2121100948518,721.3336205458443,1748.9902152474933,3.563870503341523e-212,1.8892345786530868e-211
Gangwon,Y_COORD,True,14.747562979317602,2539716.4002537434,1651010.5773221327,3906794.7124722307,0.0,0.0
Gangwon,ASORT_LCLASDC_2.0,True,2.5631937290905746,12.977196853959606,0.20606698084455274,817.2470790624042,0.22524920013534067,0.354870878431207
Gangwon,ASORT_LCLASDC_3.0,True,2.38610630466112,10.871082744271062,0.16907700103257792,698.9740728250612,0.26132024448732005,0.39039660767348117
Gangwon,ASORT_LCLASDC_4.0,True,2.89845976782172,18.14617451226908,0.29689913722074807,1109.0758043695416,0.16719127221424668,0.2738381966831349
Gangwon,ASORT_LCLASDC_5.0,True,1.2320848419273664,3.428369699539665,0.047497169032579487,247.46146004321912,0.5725260258436721,0.7607960397329658
Gangwon,ASORT_LCLASDC_6.0,True,0.4925033103446259,1.6364075328108523,0.023586316906428595,113.53318214384885,0.8198883799046397,0.9877332824064672
Gangwon,ASORT_LCLASDC_7.0,True,1.9704491548916772,7.173897956182849,0.1379071575112497,373.18448740795935,0.32840080752340506,0.4761811709089373
Gangwon,ASORT_LCLASDC_8.0,True,2.1639844051786388,8.705755905016506,0.1360655486265851,557.0123123945681,0.30777015300965227,0.45157942093380526
Gangwon,ASORT_MLSFCDC_2.0,True,-0.05451033597925391,0.9469487211649059,0.4996655633643012,1.7946241371492457,0.8672763070500322,1.0
Gangwon,ASORT_MLSFCDC_3.0,True,0.7977522165986354,2.220544012630533,1.08902161036554,4.527748269728309,0.028192088590228793,0.05696188391386391
Gangwon,ASORT_MLSFCDC_4.0,True,3.2040654743630377,24.632469582540317,2.757782724563964,220.0168100011248,0.004130247496931606,0.009696247695177532
Gangwon,ASORT_MLSFCDC_5.0,True,4.270241102689427,71.53888175688078,1.7076299102615227,2997.026212922902,0.02503933309888549,0.05186718999054851
Gangwon,ASORT_SDASDC_10.0,True,0.7210389873464143,2.0565688500128227,0.6641089749374881,6.368646704768868,0.21120215887487226,0.339161773046619
Gangwon,ASORT_SDASDC_11.0,True,2.6157659701246683,13.67768906769835,3.461662861807139,54.04315373882811,0.00019047657607920978,0.00048655415547694517
Gangwon,ASORT_SDASDC_12.0,True,-17.138078137667048,3.606012554325971e-08,6.5764183863701826e-09,1.977265705738288e-07,9.877684698724388e-87,4.59405524195389e-86
Gangwon,ASORT_SDASDC_13.0,True,1.6217229412654324,5.061803998814026,1.7449769976748888,14.683207719385281,0.002839206299655541,0.006729464931395105
Gangwon,ASORT_SDASDC_2.0,True,0.27235312018922453,1.3130505841267934,0.6574112531497228,2.6225620997744863,0.44033398945615176,0.6115060754982615
Gangwon,ASORT_SDASDC_23.0,True,22.295787446651044,4818783978.933708,295272570.3446342,78641504046.66992,3.340419439793129e-55,1.349858019522961e-54
Gangwon,ASORT_SDASDC_26.0,True,39.61771434625067,1.6060339669818813e+17,7853517321715808.0,3.2843183473567903e+18,5.4822111550622485e-146,2.7863196901501942e-145
Gangwon,ASORT_SDASDC_27.0,True,-16.491638882584947,6.882912297036806e-08,5.3540520858098005e-09,8.848341579317135e-07,1.020790255432756e-36,3.5192279435548864e-36
Gangwon,ASORT_SDASDC_3.0,True,0.7559210160907307,2.12957199047543,1.1561282355074338,3.9226417306787806,0.015287157896282376,0.03320074380117714
Gangwon,ASORT_SDASDC_4.0,True,0.6111875807523792,1.8426183580252258,0.7419399509052137,4.57616874410007,0.1878805324095767,0.3056934075178921
Gangwon,ASORT_SDASDC_5.0,True,0.9185746958302857,2.505716435471636,0.5663487040550749,11.08612911098339,0.22602323697241178,0.354870878431207
Gangwon,ASORT_SDASDC_6.0,True,0.4701633126540306,1.6002555138533907,0.741830811333154,3.4520239258006815,0.2306635112486739,0.35986427546074756
Gangwon,ASORT_SDASDC_7.0,True,1.5525903305988131,4.723690268168024,2.150149836902202,10.377532470822032,0.00011044446113124952,0.00028507392323406293
Gangwon,ASORT_SDASDC_8.0,True,-1.17850162773866,0.30773950165063124,0.08139498002828904,1.1635066541359727,0.08241938425031989,0.15161476281868544
Gangwon,ASORT_SDASDC_9.0,True,0.22603799103207767,1.2536232908161642,0.11950977611290967,13.150148936702633,0.8504897221132202,1.0
Gwangju,const,True,-3.980904394154997,0.01866874779419131,0.010601379223820245,0.03287516999863832,2.980437855019093e-43,1.0804087224444212e-42
Gwangju,X_COORD,True,-1.3464232383238037,0.26016916151330577,0.25157501447912495,0.26905689638011787,0.0,0.0
Gwangju,Y_COORD,True,-0.5530952389231023,0.5751667737564328,0.559836050980717,0.5909173177644793,0.0,0.0
Gwangju,ASORT_LCLASDC_2.0,True,0.3659504318950826,1.4418837694371724,0.7618614536710617,2.728880421169047,0.260868634048227,0.39039660767348117
Gwangju,ASORT_LCLASDC_3.0,True,0.5257721809628162,1.6917646926293834,0.9280536472753429,3.0839464761871143,0.08611267089992959,0.15682723031429044
Gwangju,ASORT_LCLASDC_4.0,True,-0.6791954874191277,0.5070247361051231,0.2772315044583668,0.9272902930881575,0.027448342701340365,0.05568737840230782
Gwangju,ASORT_LCLASDC_5.0,True,-1.3808393423658258,0.2513674811150446,0.13112257741380165,0.481882005436171,3.199941573695594e-05,8.481565568988858e-05
Gwangju,ASORT_LCLASDC_6.0,True,-2.737594417551053,0.06472586316498866,0.006055464721335124,0.6918440706445295,0.0235269898777836,0.04894010974576926
Gwangju,ASORT_LCLASDC_7.0,True,-0.7851744080879037,0.4560401577573582,0.26148957779311605,0.7953381057959367,0.005658288362616424,0.013096413909717827
Gwangju,ASORT_LCLASDC_8.0,True,0.3916260970932314,1.4793844618274161,0.797627874423615,2.743858954876562,0.2140245759264332,0.3415036999034926
Gwangju,ASORT_MLSFCDC_2.0,True,0.9111357853177965,2.4871457934480676,1.8940134419366614,3.266024443596997,5.564590254912062e-11,1.6329422593283612e-10
Gwangju,ASORT_MLSFCDC_3.0,True,1.1148805271447795,3.049203860328667,2.256811285937651,4.119814642800448,3.830116804253321e-13,1.1443924754526588e-12
Gwangju,ASORT_MLSFCDC_4.0,True,1.884303768842937,6.58177041279823,0.657510973693874,65.88437836013232,0.10888018480724468,0.19170689682132724
Gwangju,ASORT_MLSFCDC_5.0,True,1.9584860182762043,7.088586945952319,1.6657355654223294,30.16569132183101,0.008035177015062801,0.01842484776012075
Gwangju,ASORT_SDASDC_10.0,True,1.0827911116570474,2.9529099611404073,1.8962705833927584,4.598329645024193,1.653423387043314e-06,4.631464373933828e-06
Gwangju,ASORT_SDASDC_11.0,True,-19.879817242182288,2.324368977707738e-09,1.2848014042376216e-09,4.205078797945411e-09,0.0,0.0
Gwangju,ASORT_SDASDC_12.0,True,-19.40737105648686,3.728085311171892e-09,1.2683191647432985e-09,1.0958298568474784e-08,1.2108574079537136e-272,6.70733373169866e-272
Gwangju,ASORT_SDASDC_13.0,True,0.48619429008607035,1.6261159037203934,1.0019357898846715,2.639144103871926,0.04908790493425804,0.09527691784483944
Gwangju,ASORT_SDASDC_2.0,True,-0.4159217156336167,0.6597319151578384,0.5030991429411924,0.8651300762178112,0.0026329492027825515,0.00630118425714465
Gwangju,ASORT_SDASDC_23.0,True,-19.970064793329364,2.1237874836964846e-09,9.798458565848639e-11,4.6032477920828934e-08,4.342063251174019e-37,1.5074909738230924e-36
Gwangju,ASORT_SDASDC_26.0,True,-20.47645319413447,1.279939284486965e-09,5.915087699645094e-11,2.769603182842579e-08,6.039140910212508e-39,2.1266403348105477e-38
Gwangju,ASORT_SDASDC_27.0,True,-18.20160678999987,1.2449233402848216e-08,5.710308690362141e-10,2.7140986717613443e-07,5.489343898210492e-31,1.8409840420529064e-30
Gwangju,ASORT_SDASDC_3.0,True,0.4677760461980365,1.596439833878697,1.277983329399978,1.9942514777491158,3.7761072252606025e-05,9.902238627944027e-05
Gwangju,ASORT_SDASDC_4.0,True,0.37471242160014434,1.4545730506744818,1.0133724070452834,2.087863005780384,0.04214991453634908,0.08311963146568038
Gwangju,ASORT_SDASDC_5.0,True,-0.44774622511501655,0.6390668425696336,0.37260028459435907,1.0960980067863961,0.10381132767834077,0.1847616770592852
Gwangju,ASORT_SDASDC_6.0,True,0.4611782146718831,1.585941464134577,1.1238093030923446,2.2381113243504163,0.008685813204014417,0.01966191530016407
Gwangju,ASORT_SDASDC_7.0,True,0.48534184724666796,1.6247303235100967,1.124427790758134,2.347637301238704,0.009752077914766281,0.021953307817259255
Gwangju,ASORT_SDASDC_8.0,True,-0.16610351104326282,0.846958560087704,0.28724504553884106,2.497306093339872,0.7633533290119593,0.9408329780072399
Gwangju,ASORT_SDASDC_9.0,True,0.00977376558572178,1.009821684822476,0.3707735510389148,2.7503036079039966,0.9847457471005874,1.0
Gyeongbuk,const,True,-2.362390273846284,0.09419480252213357,0.054230664917993485,0.163609663197027,5.0126739157418754e-17,1.5740434652616207e-16
Gyeongbuk,X_COORD,True,1.552663392970204,4.72403540478883,4.476597585321854,4.985150011890977,0.0,0.0
Gyeongbuk,Y_COORD,True,0.5098428422047345,1.665029502017294,1.5875495571011569,1.7462908355756663,1.2074269215023188e-97,5.779237595151875e-97
Gyeongbuk,ASORT_LCLASDC_2.0,True,-0.8094636005199833,0.4450967518680493,0.23472732622488812,0.8440053474373966,0.01315678522007769,0.028956674613831702
Gyeongbuk,ASORT_LCLASDC_3.0,True,-1.1025535483145184,0.3320221656412755,0.18396575425152545,0.599234998522604,0.00025229821591854566,0.0006378616433222718
Gyeongbuk,ASORT_LCLASDC_4.0,True,-0.7711103256697024,0.4624992583170738,0.2670620930644482,0.8009581647823865,0.005920698035633267,0.013639738932557011
Gyeongbuk,ASORT_LCLASDC_5.0,True,-1.3673291686677187,0.2547865435052059,0.142098088131525,0.4568406486316989,4.438828114221645e-06,1.2157457001729283e-05
Gyeongbuk,ASORT_LCLASDC_6.0,True,0.1997106509147809,1.2210493975141674,0.36811080192644546,4.050306655949828,0.7440885974926188,0.9216976848338219
Gyeongbuk,ASORT_LCLASDC_7.0,True,0.051121965464036856,1.0524512481604718,0.6149730147132806,1.8011418440384044,0.8520631636456563,1.0
Gyeongbuk,ASORT_LCLASDC_8.0,True,-1.3065467173166512,0.270753431990374,0.15213804791578042,0.48184804484376664,8.88589542007578e-06,2.3808404576616085e-05
Gyeongbuk,ASORT_MLSFCDC_2.0,True,-0.8249205706104449,0.43826980258533743,0.3577345844679427,0.5369355611615553,1.6785144919835893e-15,5.108071879925367e-15
Gyeongbuk,ASORT_MLSFCDC_3.0,True,-1.669686508721831,0.18830608870308996,0.1419564518156014,0.24978916131770296,5.061625408042985e-31,1.7091652918939664e-30
Gyeongbuk,ASORT_MLSFCDC_4.0,True,-0.9674377005442921,0.3800556078409465,0.10710502953393007,1.3486039421294693,0.13434889615133883,0.22918341108169565
Gyeongbuk,ASORT_MLSFCDC_5.0,True,-1.3482358013352647,0.25969801563421196,0.029566364741676603,2.2810737780448194,0.22392925570955113,0.354870878431207
Gyeongbuk,ASORT_SDASDC_10.0,True,0.13266681070174988,1.1418694762519868,0.6335045764756049,2.058179134316319,0.6589553963936466,0.8369236397781995
Gyeongbuk,ASORT_SDASDC_11.0,True,0.0747423403983769,1.077606459460186,0.16379211522199222,7.089692198531418,0.9380177175252477,1.0
Gyeongbuk,ASORT_SDASDC_12.0,True,-18.447866771428643,9.731801864302028e-09,2.9088668522209518e-09,3.255837146816186e-08,5.76180457269667e-197,3.0218826109994234e-196
Gyeongbuk,ASORT_SDASDC_13.0,True,-0.07012291591517128,0.932279220909439,0.49378824638565383,1.7601564073291034,0.8287824481159918,0.9893214211166681
Gyeongbuk,ASORT_SDASDC_2.0,True,-0.21669733688670945,0.8051736287870008,0.6294067800399932,1.0300247678501862,0.08460546160682374,0.155057593205071
Gyeongbuk,ASORT_SDASDC_23.0,True,-16.568893970372628,6.371193238198044e-08,6.418102613166787e-09,6.324626719925834e-07,1.8996145220721318e-45,7.041428266026774e-45
Gyeongbuk,ASORT_SDASDC_26.0,True,-16.14331400317614,9.75096974194549e-08,9.779117577216846e-09,9.72290292631872e-07,4.51634909109716e-43,1.6252263517597808e-42
Gyeongbuk,ASORT_SDASDC_27.0,True,-18.289314858765163,1.1403849549512339e-08,1.1558110873696693e-09,1.1251647087403212e-07,2.85874690508752e-55,1.164762168767064e-54
Gyeongbuk,ASORT_SDASDC_3.0,True,0.12988668714252266,1.1386993467372213,0.912257144851538,1.4213494622404859,0.2508879910558083,0.3817524061435601
Gyeongbuk,ASORT_SDASDC_4.0,True,-0.1831290819749404,0.832660667316439,0.5355302231798068,1.2946492221841808,0.4160880271205649,0.5874606767800967
Gyeongbuk,ASORT_SDASDC_5.0,True,-0.558909044371627,0.5718325676376419,0.33653834791163234,0.9716351418499249,0.038792050224062104,0.07711484177605894
Gyeongbuk,ASORT_SDASDC_6.0,True,-0.06140568872901653,0.9404416358030849,0.6686602630998566,1.3226903394136686,0.7241846966999684,0.9015733724067788
Gyeongbuk,ASORT_SDASDC_7.0,True,-0.6490747957842142,0.5225289992197665,0.3445473975566683,0.7924499124411583,0.00225176848092571,0.005468580596533868
Gyeongbuk,ASORT_SDASDC_8.0,True,0.6585522192024698,1.931993205964207,0.8197425392066704,4.55337812711804,0.13217420367242735,0.22625653614759267
Gyeongbuk,ASORT_SDASDC_9.0,True,-0.6626552677988671,0.5154807761913366,0.17645159169031016,1.5059112138199824,0.22569969675203005,0.354870878431207
Gyeonggi,const,True,-6.197637077688113,0.002034231693255117,0.0008489090395287816,0.004874607748482199,6.348259773841806e-44,2.318290421114082e-43
Gyeonggi,X_COORD,True,-1.3790863425458768,0.2518085147171512,0.23376009768463663,0.2712504345784464,3.3068462769319663e-289,1.895668854101697e-288
Gyeonggi,Y_COORD,True,2.565341811866251,13.005102908525256,11.932487403822924,14.174136199560992,0.0,0.0
Gyeonggi,ASORT_LCLASDC_2.0,True,0.9769274821182584,2.656282216331361,1.0480006279343905,6.732663153747628,0.03951291479908952,0.07823239757410094
Gyeonggi,ASORT_LCLASDC_3.0,True,1.1575939167455398,3.1822672573157744,1.2978883058618556,7.802539595469577,0.011412052387055432,0.025573371940083307
Gyeonggi,ASORT_LCLASDC_4.0,True,0.9108127467812177,2.4863424792683984,1.0302063619390582,6.000641378858245,0.04274404338276887,0.0839554318235261
Gyeonggi,ASORT_LCLASDC_5.0,True,0.7992314657691113,2.2238311811904956,0.8924586877434859,5.541349073467195,0.08620726047702376,0.15682723031429044
Gyeonggi,ASORT_LCLASDC_6.0,True,0.7335455375984116,2.082450942166456,0.4052311957315119,10.701550058853806,0.37974447852964477,0.5426493562756953
Gyeonggi,ASORT_LCLASDC_7.0,True,1.0048255887617392,2.7314308390445703,1.1610435320824601,6.425869678720924,0.02132973837269545,0.044938294947601945
Gyeonggi,ASORT_LCLASDC_8.0,True,0.8521857815522194,2.344766401924329,0.946306212108843,5.8098841677695745,0.06565273025204145,0.12260150005400165
Gyeonggi,ASORT_MLSFCDC_2.0,True,0.028783027387221383,1.0292012617606265,0.7969075987055361,1.3292070987028812,0.825448503755506,0.9877332824064672
Gyeonggi,ASORT_MLSFCDC_3.0,True,0.12240434685446257,1.1302110066654911,0.8050392901973049,1.5867261823640357,0.4794755187114551,0.6584440967263158
Gyeonggi,ASORT_MLSFCDC_4.0,True,0.427487383493476,1.5333998333973549,0.2915293790225718,8.065448007149168,0.6137603132659459,0.792104278639035
Gyeonggi,ASORT_MLSFCDC_5.0,True,-19.3175984986965,4.0782474038506395e-09,7.974266169657424e-10,2.08572193768759e-08,4.596734287735783e-119,2.3124387794425927e-118
Gyeonggi,ASORT_SDASDC_10.0,True,-0.38769457248983014,0.6786195807033722,0.3584460293884841,1.2847806853926784,0.23384628512278993,0.36367892291967013
Gyeonggi,ASORT_SDASDC_11.0,True,0.2100156693169088,1.2336973910006799,0.2191551268423154,6.944894579888096,0.8117155530261158,0.9877332824064672
Gyeonggi,ASORT_SDASDC_12.0,True,-22.288936638801875,2.0894780357777702e-10,6.50586208246666e-11,6.710745488693815e-10,8.330865630921945e-307,4.8894247095768086e-306
Gyeonggi,ASORT_SDASDC_13.0,True,-0.12837912966348264,0.8795198638558592,0.47435012402333226,1.6307683960444788,0.6836167833984269,0.85895165949035
Gyeonggi,ASORT_SDASDC_2.0,True,-0.15633208222698317,0.8552751215394798,0.6514387385633982,1.122892284756539,0.2603695233167018,0.39039660767348117
Gyeonggi,ASORT_SDASDC_23.0,True,-16.601831906540866,6.164757725162993e-08,5.2808414207153225e-09,7.196625458374185e-07,5.036254161514846e-40,1.7862397853430356e-39
Gyeonggi,ASORT_SDASDC_26.0,True,-13.244637474673667,1.769811569998237e-06,1.4966898366741578e-07,2.0927736105029342e-05,7.847667955915608e-26,2.545329146227891e-25
Gyeonggi,ASORT_SDASDC_27.0,True,-22.595374942551455,1.5379894129143742e-10,1.3356408460889097e-11,1.7709936328790914e-09,2.087945981334295e-73,9.531086748127846e-73
Gyeonggi,ASORT_SDASDC_3.0,True,-0.134897779776007,0.8738052276891065,0.6738876016428481,1.1330310486131712,0.3088075076273603,0.4517569770334975
Gyeonggi,ASORT_SDASDC_4.0,True,-0.026967308034670318,0.9733930631364507,0.6418674857601874,1.4761521285659296,0.8989929550721666,1.0
Gyeonggi,ASORT_SDASDC_5.0,True,-0.20521520296176857,0.8144720207588744,0.4719034373231515,1.4057212135642558,0.4611307265887391,0.6350208050509731
Gyeonggi,ASORT_SDASDC_6.0,True,-0.14466998687096944,0.8653078089337658,0.5894951634435193,1.2701675104981494,0.4600476579323739,0.6350208050509731
Gyeonggi,ASORT_SDASDC_7.0,True,-0.1654357928678982,0.84752427856129,0.5671720564680235,1.266454146602217,0.41949848636319975,0.587536232321186
Gyeonggi,ASORT_SDASDC_8.0,True,0.33561839911609137,1.398805137674555,0.4844853939581484,4.03862704136289,0.5349880265650354,0.7163497569262435
Gyeonggi,ASORT_SDASDC_9.0,True,0.5754614647531457,1.7779507992627805,0.8222608307851512,3.844411561694743,0.14357431026302883,0.24075556108732388
Gyeongnam,const,True,-4.3503688810278245,0.012902052380217004,0.005884397647914348,0.028288869240654393,1.7693259061338018e-27,5.815184478159761e-27
Gyeongnam,X_COORD,True,1.3187090281470448,3.738591843695761,3.578509792875439,3.905835049431981,0.0,0.0
Gyeongnam,Y_COORD,True,-1.651867902864835,0.1916915128746759,0.18195380920958615,0.20195035359691776,0.0,0.0
Gyeongnam,ASORT_LCLASDC_2.0,True,0.23578473159578708,1.2659017721791361,0.5437703769260762,2.94702941683808,0.584447037855268,0.7699315442220965
Gyeongnam,ASORT_LCLASDC_3.0,True,-0.08056866330278156,0.9225915532256962,0.4159675007394361,2.0462540284284914,0.8428566412047864,0.9964708012325173
Gyeongnam,ASORT_LCLASDC_4.0,True,0.24365541115000597,1.2759045922332162,0.5930334522166543,2.745093927495802,0.5330726891664839,0.7163497569262435
Gyeongnam,ASORT_LCLASDC_5.0,True,0.5517571634062172,1.7363013040282242,0.7887980782940467,3.8219441721893763,0.17048474228951316,0.2783078740024172
Gyeongnam,ASORT_LCLASDC_6.0,True,-0.21618723484218139,0.8055844542737973,0.16788851427043416,3.865459860596893,0.7870157146289654,0.967577923471521
Gyeongnam,ASORT_LCLASDC_7.0,True,0.7752403650903872,2.1711139244646995,1.0089058815789418,4.6721262697244805,0.047403637435599645,0.09273806847520089
Gyeongnam,ASORT_LCLASDC_8.0,True,-0.33595036395173455,0.7146585777633656,0.32243549980700886,1.5839970570128097,0.40805767813491167,0.580899157265814
Gyeongnam,ASORT_MLSFCDC_2.0,True,-0.23372960274904328,0.7915758268878021,0.6277344471783564,0.9981805085408606,0.04822372073485065,0.09396954277581569
Gyeongnam,ASORT_MLSFCDC_3.0,True,-0.8073575176389383,0.44603515034318725,0.32649307812423395,0.6093463190235481,3.9357376040757116e-07,1.1280922318658872e-06
Gyeongnam,ASORT_MLSFCDC_4.0,True,-0.1964021375073387,0.8216817391839021,0.16321278457371544,4.136691143844458,0.8117519275604013,0.9877332824064672
Gyeongnam,ASORT_MLSFCDC_5.0,True,-20.416654105051126,1.3588132817791531e-09,3.1441447312903e-10,5.872419028184221e-09,1.4116479129803447e-164,7.249400219784478e-164
Gyeongnam,ASORT_SDASDC_10.0,True,-0.36260983554172693,0.6958578795539613,0.3613193758200276,1.3401390042767134,0.27817547488457717,0.41060032670088786
Gyeongnam,ASORT_SDASDC_11.0,True,-20.422515694453864,1.3508717739135508e-09,4.43424224960425e-10,4.115369541930663e-09,9.467954998285374e-283,5.3042066069939655e-282
Gyeongnam,ASORT_SDASDC_12.0,True,-18.587020594102718,8.467584143099397e-09,1.6410741173488547e-09,4.3690885416131746e-08,3.3107167012250346e-109,1.6160231026771702e-108
Gyeongnam,ASORT_SDASDC_13.0,True,0.24435701201577373,1.2768000821012642,0.7521117157537565,2.1675216799674653,0.3654764701987936,0.5237787785116431
Gyeongnam,ASORT_SDASDC_2.0,True,-0.2264469636961281,0.7973616303052985,0.6064073145253525,1.048446405994898,0.10495741270119235,0.185736952106544
Gyeongnam,ASORT_SDASDC_23.0,True,-19.802574802701706,2.5110249947923048e-09,2.176451154936202e-10,2.897031026940974e-08,1.0112513000728723e-56,4.2249736519993735e-56
Gyeongnam,ASORT_SDASDC_26.0,True,-22.021300839578142,2.7306784378676937e-10,2.373893294844423e-11,3.141086731753976e-09,7.091157071935594e-70,3.2072848040956403e-69
Gyeongnam,ASORT_SDASDC_27.0,True,-16.068009454165857,1.0513617164780656e-07,9.020742727497278e-09,1.225355264269219e-06,1.1968550308955847e-37,4.184748441358321e-37
Gyeongnam,ASORT_SDASDC_3.0,True,-0.029355959330282386,0.9710707412478412,0.7689386033426027,1.2263376821094325,0.8052703622924083,0.9867169140524192
Gyeongnam,ASORT_SDASDC_4.0,True,0.0748293165425089,1.0777001895910052,0.7509690399457398,1.5465853275767618,0.684722113954782,0.85895165949035
Gyeongnam,ASORT_SDASDC_5.0,True,-0.48208006618316224,0.6174976191078902,0.3357755741205994,1.1355897777929542,0.12091829565869583,0.21064565286126163
Gyeongnam,ASORT_SDASDC_6.0,True,-0.08026706175078566,0.9228698502353029,0.6451266309423701,1.320188501952282,0.6603717969040965,0.8369236397781995
Gyeongnam,ASORT_SDASDC_7.0,True,-0.03360356743309209,0.9669547610228271,0.6449587079993709,1.4497075522323588,0.8708030243905425,1.0
Gyeongnam,ASORT_SDASDC_8.0,True,-0.35242678820984263,0.7029800343535494,0.1696960734992233,2.9121529951132272,0.6269695359515886,0.8049374511045134
Gyeongnam,ASORT_SDASDC_9.0,True,0.7036598397091652,2.0211362225931415,0.8420607522958797,4.851183978282252,0.11521383994425416,0.2014199400443876
Incheon,const,True,-62.22280215091953,1.9287498479639178e-22,1.9287498479639178e-22,1.9287498479639178e-22,0.0,0.0
Incheon,X_COORD,True,-36.213910577855955,1.872830476049333e-16,1.872830476049333e-16,1.872830476049333e-16,0.0,0.0
Incheon,Y_COORD,True,19.789001824996127,392874910.3907707,392874910.3907707,392874910.3907707,0.0,0.0
Incheon,ASORT_LCLASDC_2.0,True,1.5153007515394743,4.550789578024846,4.550789578024846,4.550789578024846,0.0,0.0
Incheon,ASORT_LCLASDC_3.0,True,2.385643432046676,10.866051982170209,10.866051982170209,10.866051982170209,0.0,0.0
Incheon,ASORT_LCLASDC_4.0,True,0.9335938610674126,2.5436342387557946,2.5436342387557946,2.5436342387557946,0.0,0.0
Incheon,ASORT_LCLASDC_5.0,True,2.266524008274149,9.645813705006598,9.645813705006598,9.645813705006598,0.0,0.0
Incheon,ASORT_LCLASDC_6.0,True,-13.550147720662208,1.3039039949663632e-06,1.3039039949663632e-06,1.3039039949663632e-06,0.0,0.0
Incheon,ASORT_LCLASDC_7.0,True,1.0145077636316342,2.758005472595955,2.758005472595955,2.758005472595955,0.0,0.0
Incheon,ASORT_LCLASDC_8.0,True,3.1273779068612555,22.814080402507784,22.814080402507784,22.814080402507784,0.0,0.0
Incheon,ASORT_MLSFCDC_2.0,True,1.1014915411990984,3.0086502046789065,3.0086502046789065,3.0086502046789065,0.0,0.0
Incheon,ASORT_MLSFCDC_3.0,True,1.601154478597381,4.958753896344194,4.958753896344194,4.958753896344194,0.0,0.0
Incheon,ASORT_MLSFCDC_4.0,True,17.401412883440546,36085904.2636141,36085904.2636141,36085904.2636141,0.0,0.0
Incheon,ASORT_MLSFCDC_5.0,True,15.746522971442857,6896488.806611282,6896488.806611282,6896488.806611282,0.0,0.0
Incheon,ASORT_SDASDC_10.0,True,0.7332460148862587,2.0818272942153584,2.0818272942153584,2.0818272942153584,0.0,0.0
Incheon,ASORT_SDASDC_11.0,True,-18.378523034952913,1.0430589655657262e-08,1.0430589655657262e-08,1.0430589655657262e-08,0.0,0.0
Incheon,ASORT_SDASDC_12.0,True,1.6724392728805195,5.325141440721204,1.3451264385119988,21.081387259814353,0.01720309911038392,0.03687446896269249
Incheon,ASORT_SDASDC_13.0,True,-0.19952066365689802,0.8191232945553295,0.8191232945553295,0.8191232945553295,0.0,0.0
Incheon,ASORT_SDASDC_2.0,True,0.13054787930729345,1.139452494783669,1.139452494783669,1.139452494783669,0.0,0.0
Incheon,ASORT_SDASDC_23.0,True,36.32808516794103,5985313825839666.0,843081823932287.2,4.249170196398955e+16,5.8304332440791305e-289,3.3039121716448404e-288
Incheon,ASORT_SDASDC_26.0,True,65.6085117259916,5.184705528587072e+21,5.184705528587072e+21,5.184705528587072e+21,0.0,0.0
Incheon,ASORT_SDASDC_27.0,True,-2.496173677625115,0.08239968395059363,0.011606689302851282,0.5849823095970843,0.0125541120415639,0.027879176740950463
Incheon,ASORT_SDASDC_3.0,True,-0.4120599501680491,0.6622845707906504,0.6622845707906504,0.6622845707906504,0.0,0.0
Incheon,ASORT_SDASDC_4.0,True,-0.04322341384336725,0.9576974033064629,0.9576974033064629,0.9576974033064629,0.0,0.0
Incheon,ASORT_SDASDC_5.0,True,-1.0375087550120075,0.35433632189825576,0.35433632189825576,0.35433632189825576,0.0,0.0
Incheon,ASORT_SDASDC_6.0,True,0.15500937678525145,1.1676689100344062,1.1676689100344062,1.1676689100344062,0.0,0.0
Incheon,ASORT_SDASDC_7.0,True,-0.1431865764139525,0.8665923681147807,0.8665923681147807,0.8665923681147807,0.0,0.0
Incheon,ASORT_SDASDC_8.0,True,-0.12435043236243115,0.8830703302326278,0.8830703302326278,0.8830703302326278,0.0,0.0
Incheon,ASORT_SDASDC_9.0,True,-2.1014638920364455,0.12227729640967992,0.12227729640967992,0.12227729640967992,0.0,0.0
Jeju,const,False,-304.856705776422,1.9287498479639178e-22,,,,1.0
Jeju,X_COORD,False,-67.75923962567313,1.9287498479639178e-22,,,,1.0
Jeju,Y_COORD,False,-120.00914231560004,1.9287498479639178e-22,,,,1.0
Jeju,ASORT_LCLASDC_2.0,False,-22.121259451565933,2.4709222916523696e-10,,,,1.0
Jeju,ASORT_LCLASDC_3.0,False,6.183535740138218,484.70271301254735,,,,1.0
Jeju,ASORT_LCLASDC_4.0,False,-10.510975533041524,2.723587464120658e-05,,,,1.0
Jeju,ASORT_LCLASDC_5.0,False,-21.488105514545946,4.6540854040776686e-10,,,,1.0
Jeju,ASORT_LCLASDC_6.0,False,32.50507038676184,130849691437369.75,,,,1.0
Jeju,ASORT_LCLASDC_7.0,False,10.232813686625686,27800.622364091818,,,,1.0
Jeju,ASORT_LCLASDC_8.0,False,16.700367286816707,17901002.714586228,,,,1.0
Jeju,ASORT_MLSFCDC_2.0,False,6.029241774708778,415.39994320101846,,,,1.0
Jeju,ASORT_MLSFCDC_3.0,False,9.71055416427262,16490.737922886343,,,,1.0
Jeju,ASORT_MLSFCDC_4.0,False,29.43929258439217,6099894454347.69,,,,1.0
Jeju,ASORT_MLSFCDC_5.0,False,46.8560944880977,2.2353384049546946e+20,,,,1.0
Jeju,ASORT_SDASDC_10.0,False,26.203707633738027,239952694290.66873,,,,1.0
Jeju,ASORT_SDASDC_11.0,False,58.36857975516554,5.184705528587072e+21,,,,1.0
Jeju,ASORT_SDASDC_12.0,False,295.67204330375984,5.184705528587072e+21,,,,1.0
Jeju,ASORT_SDASDC_13.0,False,2.141859862992534,8.515260127668453,,,,1.0
Jeju,ASORT_SDASDC_2.0,False,-1.5802830583854068,0.20591680347694657,,,,1.0
Jeju,ASORT_SDASDC_23.0,False,18.767383007250736,141439554.52087137,,,,1.0
Jeju,ASORT_SDASDC_26.0,False,-51.65632074426089,1.9287498479639178e-22,,,,1.0
Jeju,ASORT_SDASDC_27.0,False,337.4737703746607,5.184705528587072e+21,,,,1.0
Jeju,ASORT_SDASDC_3.0,False,8.220156741202329,3715.084643711754,,,,1.0
Jeju,ASORT_SDASDC_4.0,False,3.861841231073802,47.55282655502557,,,,1.0
Jeju,ASORT_SDASDC_5.0,False,-18.291477120101373,1.137921808597488e-08,,,,1.0
Jeju,ASORT_SDASDC_6.0,False,-8.190409721420624,0.00027730024511165625,,,,1.0
Jeju,ASORT_SDASDC_7.0,False,16.11031838012128,9922528.93883409,,,,1.0
Jeju,ASORT_SDASDC_8.0,False,37.994390204430786,3.1677726806300624e+16,,,,1.0
Jeju,ASORT_SDASDC_9.0,False,40.68914829479216,4.688917351410646e+17,,,,1.0
Jeonbuk,const,True,-2.6385166647186296,0.0714672007915885,0.041278134367273636,0.12373526244041282,4.448611639859141e-21,1.4241334665263353e-20
Jeonbuk,X_COORD,True,-1.1272104367176972,0.32393563617087,0.3100937699211565,0.3383953712069306,0.0,0.0
Jeonbuk,Y_COORD,True,-0.14454495060846267,0.8654160105525348,0.84614142011857,0.885129664513664,2.7845576570864355e-36,9.533242534330643e-36
Jeonbuk,ASORT_LCLASDC_2.0,True,-0.06529911371351593,0.9367872155636893,0.5273596040989855,1.6640832563255068,0.8237300597213819,0.9877332824064672
Jeonbuk,ASORT_LCLASDC_3.0,True,-0.6979325037904265,0.49761305409355855,0.27846262826012835,0.8892351305863692,0.018455961498137323,0.039388697050137235
Jeonbuk,ASORT_LCLASDC_4.0,True,-0.7836062320465607,0.45675587004139984,0.26689655077315627,0.7816733645036645,0.004255724249267628,0.009943469454449957
Jeonbuk,ASORT_LCLASDC_5.0,True,-0.035504311104253505,0.9651185734942445,0.5531178510926787,1.6840061463637228,0.9005186223972464,1.0
Jeonbuk,ASORT_LCLASDC_6.0,True,-1.215865163790733,0.2964534225462799,0.039485952307863496,2.2257189355390383,0.23715678157218434,0.36589488383041824
Jeonbuk,ASORT_LCLASDC_7.0,True,-0.3084678571132541,0.7345715630702658,0.4318067034056392,1.2496225209468268,0.25514647672919577,0.3858503467101028
Jeonbuk,ASORT_LCLASDC_8.0,True,-1.4082934793365316,0.24456027441188768,0.13875443035951243,0.43104733784320204,1.1144595181685521e-06,3.1758875286537354e-06
Jeonbuk,ASORT_MLSFCDC_2.0,True,-0.20897347447914533,0.8114167586101085,0.656724242758258,1.0025473604995163,0.05281564155128768,0.10171137220619073
Jeonbuk,ASORT_MLSFCDC_3.0,True,-0.30827466985133156,0.7347134866476938,0.5589992019698501,0.96566132037363,0.027066239837863895,0.05513907537217727
Jeonbuk,ASORT_MLSFCDC_4.0,True,-0.027703998613334307,0.9726762377091898,0.11477434362528785,8.243123275815911,0.9797292223377769,1.0
Jeonbuk,ASORT_MLSFCDC_5.0,True,-0.5301068971716444,0.588542052834757,0.0708964077975209,4.88574469025583,0.6234788926430941,0.8025459375275336
Jeonbuk,ASORT_SDASDC_10.0,True,0.009947465870243533,1.0099971063713913,0.5732910977075703,1.7793650711787659,0.9725356556062196,1.0
Jeonbuk,ASORT_SDASDC_11.0,True,-20.50758447668989,1.2407069774556662e-09,7.038701996846008e-10,2.186985334223481e-09,0.0,0.0
Jeonbuk,ASORT_SDASDC_12.0,True,-21.102484072787945,6.843962365786307e-10,2.2349200075420047e-10,2.0958164366613892e-09,5.61855611637006e-299,3.258762547494635e-298
Jeonbuk,ASORT_SDASDC_13.0,True,-0.06110576930652001,0.9407237348167587,0.5561748512886328,1.5911563480390658,0.8197378316310956,0.9877332824064672
Jeonbuk,ASORT_SDASDC_2.0,True,-0.18988974882945808,0.8270503121820313,0.6330574468993028,1.0804899653746556,0.16381339858217447,0.27010035284619405
Jeonbuk,ASORT_SDASDC_23.0,True,-20.710034693324104,1.0133190625310725e-09,6.228446084038237e-11,1.6485902079497683e-08,5.60856761021141e-48,2.1601748686204882e-47
Jeonbuk,ASORT_SDASDC_26.0,True,-20.73981340056126,9.835885952489553e-10,6.048474650874686e-11,1.5994884339374852e-08,3.987204289748356e-48,1.5477887518471966e-47
Jeonbuk,ASORT_SDASDC_27.0,True,-20.023236565537474,2.0138116537121916e-09,1.2345973551420136e-10,3.284825906791726e-08,6.969951144780224e-45,2.564317846549739e-44
Jeonbuk,ASORT_SDASDC_3.0,True,0.2154600057508625,1.2404323717697272,0.9848382051119215,1.5623606608147464,0.06721674839005688,0.12504851681621904
Jeonbuk,ASORT_SDASDC_4.0,True,-0.38766748320915667,0.6786379642686621,0.4283661573435786,1.075130419738836,0.09865536908009997,0.17622136578438147
Jeonbuk,ASORT_SDASDC_5.0,True,0.1261713150452502,1.134476504529897,0.717272741623456,1.7943480417467537,0.5896156570573657,0.771035859228863
Jeonbuk,ASORT_SDASDC_6.0,True,0.3022359010218634,1.3528803349224927,0.992492209719741,1.8441305460088502,0.05583551663527803,0.10662612732191147
Jeonbuk,ASORT_SDASDC_7.0,True,0.3534980024967158,1.4240401424236657,0.9909593699550946,2.0463909911118843,0.05601656587500014,0.10662612732191147
Jeonbuk,ASORT_SDASDC_8.0,True,-0.8516386188728562,0.42671513528129185,0.09978336884872885,1.8248111762409278,0.25067450070416286,0.3817524061435601
Jeonbuk,ASORT_SDASDC_9.0,True,-0.10979769300179959,0.8960153871449661,0.34166003338483397,2.3498316910138812,0.8233741060452717,0.9877332824064672
Jeonnam,const,True,-2.485855821028987,0.08325427325662894,0.04289162019523801,0.16159972470004708,2.036713631670429e-13,6.122559880570253e-13
Jeonnam,X_COORD,True,-0.5882511068563552,0.5552975921567961,0.5248863486696099,0.587470824182608,3.91082600723164e-93,1.853881943812691e-92
Jeonnam,Y_COORD,True,-0.9876951682117854,0.3724341005040233,0.3573120379982374,0.3881961548100016,0.0,0.0
Jeonnam,ASORT_LCLASDC_2.0,True,0.36735366082738474,1.443908482695345,0.7083355998538254,2.9433388733106383,0.3120244086323922,0.4537700101940099
Jeonnam,ASORT_LCLASDC_3.0,True,-0.6990495762511992,0.49705749461257914,0.24175706631006996,1.021960419695261,0.05731128976124285,0.10867102250881816
Jeonnam,ASORT_LCLASDC_4.0,True,-0.45435718965336336,0.6348559287730999,0.3171058308988805,1.2710017004603056,0.19952762008605351,0.3225151367292603
Jeonnam,ASORT_LCLASDC_5.0,True,-0.874773829514223,0.4169563122266948,0.19688934274251932,0.8829963261802317,0.02231042554120628,0.046804424646019985
Jeonnam,ASORT_LCLASDC_6.0,True,-0.39858116686117906,0.6712717933562272,0.15609521310584315,2.8867369574629054,0.5922657805882161,0.7724524598676998
Jeonnam,ASORT_LCLASDC_7.0,True,0.49252806865107124,1.6364480479915606,0.8490530741363089,3.154057496935065,0.14123291870744556,0.24009596180265744
Jeonnam,ASORT_LCLASDC_8.0,True,-1.7188623772542284,0.17926997355071436,0.08664001384924573,0.3709339598305432,3.599935399922742e-06,9.914905877999507e-06
Jeonnam,ASORT_MLSFCDC_2.0,True,-0.576010500679934,0.5621365423499202,0.46580246130933883,0.678393779536665,1.9044410307899177e-09,5.522878989290761e-09
Jeonnam,ASORT_MLSFCDC_3.0,True,-1.180354669592821,0.30716977550012053,0.23265032584243647,0.40555830145149097,8.362174982051833e-17,2.6092102950326284e-16
Jeonnam,ASORT_MLSFCDC_4.0,True,-0.06420141113467712,0.9378160939039282,0.2131601710583138,4.126000751541048,0.9323116103164083,1.0
Jeonnam,ASORT_MLSFCDC_5.0,True,-0.5426305518846226,0.5812173173452733,0.08261544835149659,4.088987915973908,0.5856477263352662,0.7699315442220965
Jeonnam,ASORT_SDASDC_10.0,True,-0.13148394307897487,0.8767933536264024,0.48169668621509015,1.5959557268371143,0.6670047987569836,0.8431624763774178
Jeonnam,ASORT_SDASDC_11.0,True,0.1893531064400114,1.2084675948436707,0.2410490124605009,6.058493718270475,0.81792440673108,0.9877332824064672
Jeonnam,ASORT_SDASDC_12.0,True,-18.56241079477844,8.678555017431167e-09,3.0842126569626357e-09,2.4420273686559912e-08,6.390753258489859e-271,3.500712618261667e-270
Jeonnam,ASORT_SDASDC_13.0,True,-0.3513696772846542,0.7037235551507935,0.3938724379250356,1.2573279935071942,0.23536424587230165,0.3648885950158639
Jeonnam,ASORT_SDASDC_2.0,True,-0.7189273296543002,0.4872746608046442,0.3564509943156062,0.6661128706294244,6.568247310822638e-06,1.7694786471232574e-05
Jeonnam,ASORT_SDASDC_23.0,True,24.87738126772084,63695596456.319176,5683919416.188239,713790733269.5895,1.5274481861138639e-90,7.1717329119441415e-90
Jeonnam,ASORT_SDASDC_26.0,True,-21.399278148402086,5.086412565274816e-10,4.542302737715405e-11,5.695699797675286e-09,1.5914172801137804e-67,7.13244290087358e-67
Jeonnam,ASORT_SDASDC_27.0,True,-17.622889150673434,2.2206314520037276e-08,1.9720777659639954e-09,2.5005119629335217e-07,3.590848782137342e-46,1.3411276133285679e-45
Jeonnam,ASORT_SDASDC_3.0,True,0.020587254339932026,1.0208006336429565,0.7962989539612831,1.3085963863975214,0.8709398905128432,1.0
Jeonnam,ASORT_SDASDC_4.0,True,-0.08952524498020681,0.9143651817020216,0.6012069297737321,1.3906421301957195,0.6755881075222838,0.8518284833976622
Jeonnam,ASORT_SDASDC_5.0,True,-0.16052734719651257,0.8516945317957404,0.49562659376680274,1.4635687120374048,0.5611443256593198,0.7476868987839045
Jeonnam,ASORT_SDASDC_6.0,True,-0.20015498411128949,0.8186038726523097,0.5742920279843376,1.166849386144769,0.26839879395274113,0.3997601372166205
Jeonnam,ASORT_SDASDC_7.0,True,-0.4828952650670285,0.6169944408610416,0.4025012849053486,0.9457911175189164,0.02671005177357028,0.05486689801820895
Jeonnam,ASORT_SDASDC_8.0,True,1.0434109434576302,2.8388837906582087,1.3021126277884492,6.189373334432701,0.008694315487699325,0.01966191530016407
Jeonnam,ASORT_SDASDC_9.0,True,-0.28662185832658005,0.7507955822631541,0.26144326034660714,2.156085437423608,0.5943561135962687,0.7731334142558324
Sejong,const,True,-2.39595715456422,0.0910854543272039,0.05419657391145756,0.1530827392068633,1.4943043107014303e-19,4.752851775327775e-19
Sejong,X_COORD,True,-0.5672175385536973,0.5671011826363693,0.5522658725678689,0.5823350080500337,0.0,0.0
Sejong,Y_COORD,True,0.5462480421519014,1.7267621100250528,1.6816532738859895,1.7730809501104818,0.0,0.0
Sejong,ASORT_LCLASDC_2.0,True,0.43207941533535266,1.540457446248271,0.878548983546775,2.701055021567164,0.13153693350844556,0.22595020285597092
Sejong,ASORT_LCLASDC_3.0,True,-1.3743023069383222,0.25301606178884495,0.14517836114788366,0.4409550226147446,1.2401568168778082e-06,3.5137776478204565e-06
Sejong,ASORT_LCLASDC_4.0,True,-0.6446283457715194,0.5248575713983777,0.3064219079541131,0.8990070980677265,0.01888747292388462,0.04013587996325482
Sejong,ASORT_LCLASDC_5.0,True,-1.578975688230309,0.2061861890151821,0.10469972652660882,0.40604446593086396,4.954030215825869e-06,1.3493574013271566e-05
Sejong,ASORT_LCLASDC_6.0,True,-0.4423009507226777,0.6425562285926674,0.18518029381289416,2.2296028286919336,0.4859259688889369,0.6636052705325372
Sejong,ASORT_LCLASDC_7.0,True,0.4308072810191218,1.5384990234207612,0.9292662467274707,2.547148627642782,0.09397233766497874,0.16846677261394372
Sejong,ASORT_LCLASDC_8.0,True,-1.3953323658056467,0.24775067882760385,0.13811920063413713,0.44440163697535856,2.8615697914128473e-06,7.970361057438044e-06
Sejong,ASORT_MLSFCDC_2.0,True,-0.5914240971252313,0.5535384306775966,0.45030354648163373,0.6804405531136839,1.9544661903898172e-08,5.634806034281754e-08
Sejong,ASORT_MLSFCDC_3.0,True,-0.3568945924716855,0.6998462629116139,0.530331350887053,0.9235448571767795,0.01166720110717474,0.02602683323908211
Sejong,ASORT_MLSFCDC_4.0,True,0.6221576952663871,1.862943372454881,0.5301307136805913,6.546608071202244,0.3319103161637079,0.47985860958565396
Sejong,ASORT_MLSFCDC_5.0,True,1.2382472857963975,3.4495620666956595,0.9720708826106279,12.241369086200761,0.05534407463454576,0.10616587079700802
Sejong,ASORT_SDASDC_10.0,True,-0.9757527665518548,0.37690852261840285,0.20397452629842142,0.696459685434193,0.001841050590587023,0.0045156116475592156
Sejong,ASORT_SDASDC_11.0,True,2.8418011178751956,17.146620827068322,7.876739660112703,37.32592652212227,8.048140354250432e-13,2.3902007196659412e-12
Sejong,ASORT_SDASDC_12.0,True,-20.007541380040355,2.0456681439805817e-09,5.964795414069158e-10,7.0157614214669844e-09,3.540475057632491e-222,1.8972328297965413e-221
Sejong,ASORT_SDASDC_13.0,True,-0.8702975941387403,0.41882689027197695,0.23208729132326028,0.7558189119910422,0.0038588842412812254,0.009102535554792556
Sejong,ASORT_SDASDC_2.0,True,0.10880347938285517,1.1149432194807132,0.8464538435899266,1.4685955909820996,0.43889766709421807,0.6112331917442076
Sejong,ASORT_SDASDC_23.0,True,-19.301318411158626,4.145185025325661e-09,4.0299299839135234e-10,4.263736333577158e-08,3.0523253751330858e-59,1.2972382844315615e-58
Sejong,ASORT_SDASDC_26.0,True,-18.550271931357912,8.784544807789051e-09,8.535956284720623e-10,9.040372854086055e-08,7.765186491595079e-55,3.1123877563872955e-54
Sejong,ASORT_SDASDC_27.0,True,-20.49828906937947,1.2522936220261568e-09,1.217392134790736e-10,1.2881957020668312e-08,1.403615792218086e-66,6.178415942531397e-66
Sejong,ASORT_SDASDC_3.0,True,-0.3102910292109291,0.7332335327930937,0.5467948628102662,0.983241522879477,0.03818121680538393,0.07620785378564485
Sejong,ASORT_SDASDC_4.0,True,0.239265951157157,1.2703163337619898,0.8540774108286889,1.8894113898373317,0.23749769335848647,0.36589488383041824
Sejong,ASORT_SDASDC_5.0,True,1.5218476748517464,4.580680990025919,3.340162536813378,6.281921343984339,3.572999839656286e-21,1.1512999483336921e-20
Sejong,ASORT_SDASDC_6.0,True,-0.13883920883086578,0.8703679646903144,0.6219182894827112,1.2180706159795602,0.41814900728571724,0.5874606767800967
Sejong,ASORT_SDASDC_7.0,True,0.3463983626210597,1.413965774751614,0.9635511328081688,2.0749279867921318,0.07668541749666048,0.14159517163241056
Sejong,ASORT_SDASDC_8.0,True,1.0608410113790672,2.8887994811656625,1.1774947186834057,7.0872185751406125,0.020512703777253605,0.04340241614672115
Sejong,ASORT_SDASDC_9.0,True,-0.23622952607416697,0.7895994194773696,0.32417100322784387,1.923266538434946,0.6030029130269587,0.7802636118695293
Seoul,const,True,-7.9073369927693005,0.00036803335225686883,0.00014840226528432105,0.0009127121349119922,2.7477802477415256e-65,1.1988103204748425e-64
Seoul,X_COORD,True,-1.5779664775507947,0.20639437935539168,0.19004498852879903,0.22415029282943716,2.270507336140811e-307,1.3486266466474937e-306
Seoul,Y_COORD,True,4.450057580798519,85.63187461196381,73.02387837179172,100.41671454678136,0.0,0.0
Seoul,ASORT_LCLASDC_2.0,True,-0.23080375573539813,0.7938952481382124,0.29593757421252975,2.1297385662957455,0.6466469877900773,0.8280440648844367
Seoul,ASORT_LCLASDC_3.0,True,-0.034233326793915136,0.966346003915943,0.3826667260736612,2.4403078074380473,0.9422586404161559,1.0
Seoul,ASORT_LCLASDC_4.0,True,-0.3662707066347703,0.6933150908086083,0.27619909991836905,1.7403598175555821,0.43538590936388344,0.6080602076951687
Seoul,ASORT_LCLASDC_5.0,True,-0.022539521812645347,0.9777125954557271,0.37052998137020215,2.5798773847606626,0.9636844106212549,1.0
Seoul,ASORT_LCLASDC_6.0,True,0.6590672208568813,1.9329884419136738,0.3918858736556387,9.534521573123026,0.41825293620651915,0.5874606767800967
Seoul,ASORT_LCLASDC_7.0,True,-1.328477440005597,0.26488025050708053,0.11117936753324481,0.6310662550559486,0.002705757315261938,0.006444146649391959
Seoul,ASORT_LCLASDC_8.0,True,0.5398421031615372,1.71573593151665,0.6552515031121394,4.492549460345938,0.27166973295785446,0.4034131877958501
Seoul,ASORT_MLSFCDC_2.0,True,0.16837014432178818,1.1833745489624676,0.837580698397035,1.671928837200006,0.33965082509517563,0.48961361629216843
Seoul,ASORT_MLSFCDC_3.0,True,1.6045597540441856,4.975668602505851,3.047477968076733,8.123857924914505,1.4079859836253822e-10,4.107320058741499e-10
Seoul,ASORT_MLSFCDC_4.0,True,-0.8468450738784679,0.42876552387086575,0.07039058474811771,2.6117111417400745,0.3582922926729837,0.5149798842209357
Seoul,ASORT_MLSFCDC_5.0,True,-20.736819147791657,9.865381217346775e-10,1.4256095887790498e-10,6.82695650545759e-09,5.213589762456803e-98,2.519901718520788e-97
Seoul,ASORT_SDASDC_10.0,True,-0.18067030512222582,0.8347105131153941,0.43306902260890867,1.608846637212772,0.5894363011414444,0.771035859228863
Seoul,ASORT_SDASDC_11.0,True,-20.451782522309884,1.3119089819956583e-09,4.064343284266567e-10,4.234645197671749e-09,1.8384601579096255e-256,9.960009426916981e-256
Seoul,ASORT_SDASDC_12.0,True,1.868938751767163,6.4814143586215,0.339865151281454,123.60411748527896,0.21404592955411605,0.3415036999034926
Seoul,ASORT_SDASDC_13.0,True,-1.139200831540089,0.3200747132480744,0.12824223023319536,0.7988618248025332,0.014637206243826221,0.03192983485932003
Seoul,ASORT_SDASDC_2.0,True,-0.4507767383840144,0.6371330736595996,0.46317574111892124,0.8764244702675466,0.0055923122734669005,0.013004763918958405
Seoul,ASORT_SDASDC_23.0,True,-15.286484863110882,2.297015766984788e-07,1.970412073245634e-08,2.677755331191049e-06,3.1256729283743907e-34,1.0627287956472928e-33
Seoul,ASORT_SDASDC_26.0,True,-9.570528472458301,6.975451051594797e-05,5.8004317797013794e-06,0.0008388499205088477,4.615252240847391e-14,1.3959014446243952e-13
Seoul,ASORT_SDASDC_27.0,True,23.212824613113046,12055955571.822325,1052137188.662318,138143643543.81012,1.1279171252452591e-77,5.19685180136367e-77
Seoul,ASORT_SDASDC_3.0,True,0.17446369561667158,1.190607517328687,0.8829945295215333,1.6053850991440488,0.2526135384216768,0.38319530597503587
Seoul,ASORT_SDASDC_4.0,True,-0.534771380567846,0.5858032008320461,0.34203991540415896,1.0032904776613039,0.051410976223655785,0.09939455403240118
Seoul,ASORT_SDASDC_5.0,True,-0.17012307129220655,0.8435609920662566,0.4489781909089517,1.584921409868907,0.5969999450548277,0.7745288760842896
Seoul,ASORT_SDASDC_6.0,True,-0.4724569070387188,0.6234685806460116,0.38010167498691616,1.0226555067565346,0.06130776895350278,0.11580356357883859
Seoul,ASORT_SDASDC_7.0,True,-0.05415673578764482,0.9472836216210971,0.5893614041328142,1.5225738460290528,0.8230098277633748,0.9877332824064672
Seoul,ASORT_SDASDC_8.0,True,-1.481633750456187,0.227266088839687,0.027770285045640882,1.8598971905258137,0.167143538870005,0.2738381966831349
Seoul,ASORT_SDASDC_9.0,True,-0.25117285775466514,0.7778878959816384,0.26140005407157296,2.314879317312833,0.6516792315246797,0.8323260651338525
Ulsan,const,False,-72.52051820174304,1.9287498479639178e-22,,,,1.0
Ulsan,X_COORD,False,39.20735435958087,1.0654612230324075e+17,,,,1.0
Ulsan,Y_COORD,False,-11.980564607317778,6.264795528136646e-06,,,,1.0
Ulsan,ASORT_LCLASDC_2.0,False,0.9163358222256568,2.500112728420217,,,,1.0
Ulsan,ASORT_LCLASDC_3.0,False,-0.37687622788134867,0.6860009764358784,,,,1.0
Ulsan,ASORT_LCLASDC_4.0,False,0.08914500708578652,1.0932391722595227,,,,1.0
Ulsan,ASORT_LCLASDC_5.0,False,-0.4980738296449338,0.6077000669660483,,,,1.0
Ulsan,ASORT_LCLASDC_6.0,False,0.4169507127108235,1.5173277261216673,,,,1.0
Ulsan,ASORT_LCLASDC_7.0,False,1.9389959638136574,6.95176763919639,,,,1.0
Ulsan,ASORT_LCLASDC_8.0,False,-1.0629085787699122,0.3454495803743399,,,,1.0
Ulsan,ASORT_MLSFCDC_2.0,False,-1.2330761800341845,0.29139481463758393,,,,1.0
Ulsan,ASORT_MLSFCDC_3.0,False,-2.468955571979966,0.08467324794828811,,,,1.0
Ulsan,ASORT_MLSFCDC_4.0,False,-2.5891481868834485,0.07508397036393522,,,,1.0
Ulsan,ASORT_MLSFCDC_5.0,False,-20.744200034869973,9.79283401330629e-10,,,,1.0
Ulsan,ASORT_SDASDC_10.0,False,0.40288425453902854,1.496133710955286,,,,1.0
Ulsan,ASORT_SDASDC_11.0,False,-16.349571731037745,7.933616724243515e-08,,,,1.0
Ulsan,ASORT_SDASDC_12.0,False,62.418950531948646,5.184705528587072e+21,,,,1.0
Ulsan,ASORT_SDASDC_13.0,False,-0.24074897859181993,0.7860389142207068,,,,1.0
Ulsan,ASORT_SDASDC_2.0,False,-0.454542808421919,0.6347380985334811,,,,1.0
Ulsan,ASORT_SDASDC_23.0,False,75.47535381735827,5.184705528587072e+21,,,,1.0
Ulsan,ASORT_SDASDC_26.0,False,55.46239508465748,5.184705528587072e+21,,,,1.0
Ulsan,ASORT_SDASDC_27.0,False,93.97292404753455,5.184705528587072e+21,,,,1.0
Ulsan,ASORT_SDASDC_3.0,False,0.16935957320264305,1.1845459933529685,,,,1.0
Ulsan,ASORT_SDASDC_4.0,False,0.7512977380320167,2.1197491114646665,,,,1.0
Ulsan,ASORT_SDASDC_5.0,False,0.41137845604281653,1.5088962994353572,,,,1.0
Ulsan,ASORT_SDASDC_6.0,False,-0.6537075908524187,0.5201138282649224,,,,1.0
Ulsan,ASORT_SDASDC_7.0,False,0.25525940583806433,1.2907964175733742,,,,1.0
Ulsan,ASORT_SDASDC_8.0,False,-1.5285244112144172,0.2168554207726664,,,,1.0
Ulsan,ASORT_SDASDC_9.0,False,1.922695323145053,6.839367955136067,,,,1.0
