model,region,condition,POI_ID,true_region,feature,feature_value,shap_value,base_value
tabpfn_v3,Busan,clean,POI01000000BMTM5D,Busan,X_COORD,129.11792,0.5088434520970253,0.15625837780279994
tabpfn_v3,Busan,clean,POI01000000BMTM5D,Busan,Y_COORD,35.125328,0.33401179302265405,0.15625837780279994
tabpfn_v3,Busan,clean,POI01000000BMTM5D,Busan,ASORT_LCLASDC,5.0,-0.0008651131635275533,0.15625837780279994
tabpfn_v3,Busan,clean,POI01000000BMTM5D,Busan,ASORT_MLSFCDC,2.0,1.3432744339070268e-06,0.15625837780279994
tabpfn_v3,Busan,clean,POI01000000BMTM5D,Busan,ASORT_SDASDC,3.0,0.001737153154053317,0.15625837780279994
tabpfn_v3,Busan,clean,POI010000006UU42W,Busan,X_COORD,128.96704,0.5028686170306429,0.15625837780279994
tabpfn_v3,Busan,clean,POI010000006UU42W,Busan,Y_COORD,35.081196,0.33996364227375864,0.15625837780279994
tabpfn_v3,Busan,clean,POI010000006UU42W,Busan,ASORT_LCLASDC,3.0,0.0024005412122249936,0.15625837780279994
tabpfn_v3,Busan,clean,POI010000006UU42W,Busan,ASORT_MLSFCDC,1.0,-0.001469614889245463,0.15625837780279994
tabpfn_v3,Busan,clean,POI010000006UU42W,Busan,ASORT_SDASDC,8.0,-3.455724274203931e-05,0.15625837780279994
tabpfn_v3,Busan,clean,POI01000000CBORUS,Chungnam,X_COORD,126.58334,-0.07782325313735328,0.15625837780279994
tabpfn_v3,Busan,clean,POI01000000CBORUS,Chungnam,Y_COORD,36.362568,-0.07812312698908386,0.15625837780279994
tabpfn_v3,Busan,clean,POI01000000CBORUS,Chungnam,ASORT_LCLASDC,8.0,-0.00031176953542910724,0.15625837780279994
tabpfn_v3,Busan,clean,POI01000000CBORUS,Chungnam,ASORT_MLSFCDC,1.0,0.0002645446108857641,0.15625837780279994
tabpfn_v3,Busan,clean,POI01000000CBORUS,Chungnam,ASORT_SDASDC,2.0,-0.0002517910891981501,0.15625837780279994
tabpfn_v3,Busan,clean,POI010000007E2IHI,Jeju,X_COORD,126.54993,-0.14952483891748614,0.15625837780279994
tabpfn_v3,Busan,clean,POI010000007E2IHI,Jeju,Y_COORD,33.26333,-0.006310759500649965,0.15625837780279994
tabpfn_v3,Busan,clean,POI010000007E2IHI,Jeju,ASORT_LCLASDC,5.0,-0.0003974663131316447,0.15625837780279994
tabpfn_v3,Busan,clean,POI010000007E2IHI,Jeju,ASORT_MLSFCDC,2.0,5.990699207814032e-07,0.15625837780279994
tabpfn_v3,Busan,clean,POI010000007E2IHI,Jeju,ASORT_SDASDC,3.0,-1.2930478831663095e-05,0.15625837780279994
tabpfn_v3,Busan,adversarial,POI01000000BMTM5D,Busan,X_COORD,129.11383,0.5076295806518516,0.1562583796654451
tabpfn_v3,Busan,adversarial,POI01000000BMTM5D,Busan,Y_COORD,35.126106,0.3415009660390069,0.1562583796654451
tabpfn_v3,Busan,adversarial,POI01000000BMTM5D,Busan,ASORT_LCLASDC,6.0,-0.0017900870877554098,0.1562583796654451
tabpfn_v3,Busan,adversarial,POI01000000BMTM5D,Busan,ASORT_MLSFCDC,3.0,-4.230917427605618e-05,0.1562583796654451
tabpfn_v3,Busan,adversarial,POI01000000BMTM5D,Busan,ASORT_SDASDC,27.0,-0.003569523906833183,0.1562583796654451
tabpfn_v3,Busan,adversarial,POI010000006UU42W,Busan,X_COORD,128.95688,0.5017501773226201,0.15625837780279994
tabpfn_v3,Busan,adversarial,POI010000006UU42W,Busan,Y_COORD,35.08463,0.3408577017583667,0.15625837780279994
tabpfn_v3,Busan,adversarial,POI010000006UU42W,Busan,ASORT_LCLASDC,3.0,0.002624865556285272,0.15625837780279994
tabpfn_v3,Busan,adversarial,POI010000006UU42W,Busan,ASORT_MLSFCDC,1.0,-0.001469559009890986,0.15625837780279994
tabpfn_v3,Busan,adversarial,POI010000006UU42W,Busan,ASORT_SDASDC,8.0,-3.455724274203931e-05,0.15625837780279994
tabpfn_v3,Busan,adversarial,POI01000000CBORUS,Chungnam,X_COORD,126.57995,-0.07803076567370226,0.1562583796654451
tabpfn_v3,Busan,adversarial,POI01000000CBORUS,Chungnam,Y_COORD,36.356464,-0.07812262706845274,0.1562583796654451
tabpfn_v3,Busan,adversarial,POI01000000CBORUS,Chungnam,ASORT_LCLASDC,7.0,-1.485655815258724e-06,0.1562583796654451
tabpfn_v3,Busan,adversarial,POI01000000CBORUS,Chungnam,ASORT_MLSFCDC,3.0,-4.8053796476210664e-05,0.1562583796654451
tabpfn_v3,Busan,adversarial,POI01000000CBORUS,Chungnam,ASORT_SDASDC,11.0,-4.246580837730107e-05,0.1562583796654451
tabpfn_v3,Busan,adversarial,POI010000007E2IHI,Jeju,X_COORD,126.54943,-0.14089174753270584,0.1562583796654451
tabpfn_v3,Busan,adversarial,POI010000007E2IHI,Jeju,Y_COORD,33.268856,-0.015184300033823206,0.1562583796654451
tabpfn_v3,Busan,adversarial,POI010000007E2IHI,Jeju,ASORT_LCLASDC,6.0,-3.804886117109163e-05,0.1562583796654451
tabpfn_v3,Busan,adversarial,POI010000007E2IHI,Jeju,ASORT_MLSFCDC,5.0,-0.00011835344548671856,0.1562583796654451
tabpfn_v3,Busan,adversarial,POI010000007E2IHI,Jeju,ASORT_SDASDC,3.0,-1.2948129636924932e-05,0.1562583796654451
tabpfn_v3,Chungbuk,clean,POI010000008ODLI8,Chungbuk,X_COORD,128.21242,0.4709702026434712,0.12500917965996905
tabpfn_v3,Chungbuk,clean,POI010000008ODLI8,Chungbuk,Y_COORD,37.150234,0.40728536312008146,0.12500917965996905
tabpfn_v3,Chungbuk,clean,POI010000008ODLI8,Chungbuk,ASORT_LCLASDC,4.0,-0.0008779885405374444,0.12500917965996905
tabpfn_v3,Chungbuk,clean,POI010000008ODLI8,Chungbuk,ASORT_MLSFCDC,2.0,2.5485170368710897e-05,0.12500917965996905
tabpfn_v3,Chungbuk,clean,POI010000008ODLI8,Chungbuk,ASORT_SDASDC,1.0,-0.0024590913041464546,0.12500917965996905
tabpfn_v3,Chungbuk,clean,POI010000007F7JOW,Chungbuk,X_COORD,127.45386,0.47010226098153396,0.12500917965996905
tabpfn_v3,Chungbuk,clean,POI010000007F7JOW,Chungbuk,Y_COORD,36.650528,0.4045134276469753,0.12500917965996905
tabpfn_v3,Chungbuk,clean,POI010000007F7JOW,Chungbuk,ASORT_LCLASDC,5.0,0.0003530151055031183,0.12500917965996905
tabpfn_v3,Chungbuk,clean,POI010000007F7JOW,Chungbuk,ASORT_MLSFCDC,2.0,5.515751723805806e-06,0.12500917965996905
tabpfn_v3,Chungbuk,clean,POI010000007F7JOW,Chungbuk,ASORT_SDASDC,3.0,3.607041733744154e-06,0.12500917965996905
tabpfn_v3,Chungbuk,clean,POI01000000CB65TN,Jeonnam,X_COORD,126.39117,-0.0625165211085914,0.12500917965996905
tabpfn_v3,Chungbuk,clean,POI01000000CB65TN,Jeonnam,Y_COORD,34.809544,-0.06247631871072201,0.12500917965996905
tabpfn_v3,Chungbuk,clean,POI01000000CB65TN,Jeonnam,ASORT_LCLASDC,8.0,-2.0956240120995062e-07,0.12500917965996905
tabpfn_v3,Chungbuk,clean,POI01000000CB65TN,Jeonnam,ASORT_MLSFCDC,1.0,1.7089754891230768e-06,0.12500917965996905
tabpfn_v3,Chungbuk,clean,POI01000000CB65TN,Jeonnam,ASORT_SDASDC,2.0,-4.857591122231497e-06,0.12500917965996905
tabpfn_v3,Chungbuk,clean,POI010000008MFBN3,Gangwon,X_COORD,128.20609,-0.0011725947284730864,0.12500917965996905
tabpfn_v3,Chungbuk,clean,POI010000008MFBN3,Gangwon,Y_COORD,38.123318,-0.12382347037959107,0.12500917965996905
tabpfn_v3,Chungbuk,clean,POI010000008MFBN3,Gangwon,ASORT_LCLASDC,4.0,-6.224056676273904e-06,0.12500917965996905
tabpfn_v3,Chungbuk,clean,POI010000008MFBN3,Gangwon,ASORT_MLSFCDC,2.0,7.84339142967383e-06,0.12500917965996905
tabpfn_v3,Chungbuk,clean,POI010000008MFBN3,Gangwon,ASORT_SDASDC,1.0,-1.752224036977168e-06,0.12500917965996905
tabpfn_v3,Chungbuk,adversarial,POI010000008ODLI8,Chungbuk,X_COORD,128.2126,0.47267945270327516,0.12500917965996905
tabpfn_v3,Chungbuk,adversarial,POI010000008ODLI8,Chungbuk,Y_COORD,37.15078,0.4088113502584889,0.12500917965996905
tabpfn_v3,Chungbuk,adversarial,POI010000008ODLI8,Chungbuk,ASORT_LCLASDC,4.0,-0.005248373815106788,0.12500917965996905
tabpfn_v3,Chungbuk,adversarial,POI010000008ODLI8,Chungbuk,ASORT_MLSFCDC,2.0,5.274539176980397e-06,0.12500917965996905
tabpfn_v3,Chungbuk,adversarial,POI010000008ODLI8,Chungbuk,ASORT_SDASDC,5.0,-0.001508832179268893,0.12500917965996905
tabpfn_v3,Chungbuk,adversarial,POI010000007F7JOW,Chungbuk,X_COORD,127.453766,0.4703082102032994,0.12500917965996905
tabpfn_v3,Chungbuk,adversarial,POI010000007F7JOW,Chungbuk,Y_COORD,36.65074,0.40436557476165547,0.12500917965996905
tabpfn_v3,Chungbuk,adversarial,POI010000007F7JOW,Chungbuk,ASORT_LCLASDC,6.0,0.0002909846999727961,0.12500917965996905
tabpfn_v3,Chungbuk,adversarial,POI010000007F7JOW,Chungbuk,ASORT_MLSFCDC,3.0,8.012387056055559e-06,0.12500917965996905
tabpfn_v3,Chungbuk,adversarial,POI010000007F7JOW,Chungbuk,ASORT_SDASDC,26.0,-2.7637329793606114e-06,0.12500917965996905
tabpfn_v3,Chungbuk,adversarial,POI01000000CB65TN,Jeonnam,X_COORD,126.388664,-0.06250268845900564,0.12500917965996905
tabpfn_v3,Chungbuk,adversarial,POI01000000CB65TN,Jeonnam,Y_COORD,34.803886,-0.062492799495871054,0.12500917965996905
tabpfn_v3,Chungbuk,adversarial,POI01000000CB65TN,Jeonnam,ASORT_LCLASDC,6.0,-7.005907036727876e-07,0.12500917965996905
tabpfn_v3,Chungbuk,adversarial,POI01000000CB65TN,Jeonnam,ASORT_MLSFCDC,3.0,1.2967273335107166e-06,0.12500917965996905
tabpfn_v3,Chungbuk,adversarial,POI01000000CB65TN,Jeonnam,ASORT_SDASDC,27.0,-1.3061791008794899e-06,0.12500917965996905
tabpfn_v3,Chungbuk,adversarial,POI010000008MFBN3,Gangwon,X_COORD,128.20062,-0.00028762107859847674,0.12500917965996905
tabpfn_v3,Chungbuk,adversarial,POI010000008MFBN3,Gangwon,Y_COORD,38.12245,-0.12470869069571222,0.12500917965996905
tabpfn_v3,Chungbuk,adversarial,POI010000008MFBN3,Gangwon,ASORT_LCLASDC,6.0,2.2113502780030103e-06,0.12500917965996905
tabpfn_v3,Chungbuk,adversarial,POI010000008MFBN3,Gangwon,ASORT_MLSFCDC,3.0,1.5986693711056432e-06,0.12500917965996905
tabpfn_v3,Chungbuk,adversarial,POI010000008MFBN3,Gangwon,ASORT_SDASDC,26.0,-3.4041320873257064e-06,0.12500917965996905
tabpfn_v3,Chungnam,clean,POI010000008Q5P7V,Chungnam,X_COORD,126.602684,0.4041249233554396,0.12501094818932756
tabpfn_v3,Chungnam,clean,POI010000008Q5P7V,Chungnam,Y_COORD,36.344288,0.4740088405139602,0.12501094818932756
tabpfn_v3,Chungnam,clean,POI010000008Q5P7V,Chungnam,ASORT_LCLASDC,4.0,-0.0027347972354618832,0.12501094818932756
tabpfn_v3,Chungnam,clean,POI010000008Q5P7V,Chungnam,ASORT_MLSFCDC,2.0,1.1814012452759926e-06,0.12501094818932756
tabpfn_v3,Chungnam,clean,POI010000008Q5P7V,Chungnam,ASORT_SDASDC,3.0,-0.00042409003707177817,0.12501094818932756
tabpfn_v3,Chungnam,clean,POI010000007EA6HE,Chungnam,X_COORD,127.14353,0.3781366459636075,0.12501094818932756
tabpfn_v3,Chungnam,clean,POI010000007EA6HE,Chungnam,Y_COORD,36.827877,0.5018046509821232,0.12501094818932756
tabpfn_v3,Chungnam,clean,POI010000007EA6HE,Chungnam,ASORT_LCLASDC,5.0,-0.004966215431068122,0.12501094818932756
tabpfn_v3,Chungnam,clean,POI010000007EA6HE,Chungnam,ASORT_MLSFCDC,2.0,8.861719891228859e-07,0.12501094818932756
tabpfn_v3,Chungnam,clean,POI010000007EA6HE,Chungnam,ASORT_SDASDC,3.0,9.031145964399911e-08,0.12501094818932756
tabpfn_v3,Chungnam,clean,POI01000000CB4CIH,Gwangju,X_COORD,126.892975,0.124937480973486,0.12501094818932756
tabpfn_v3,Chungnam,clean,POI01000000CB4CIH,Gwangju,Y_COORD,35.181026,-0.2499347303085102,0.12501094818932756
tabpfn_v3,Chungnam,clean,POI01000000CB4CIH,Gwangju,ASORT_LCLASDC,8.0,-7.513045417795183e-06,0.12501094818932756
tabpfn_v3,Chungnam,clean,POI01000000CB4CIH,Gwangju,ASORT_MLSFCDC,1.0,2.197570367457047e-06,0.12501094818932756
tabpfn_v3,Chungnam,clean,POI01000000CB4CIH,Gwangju,ASORT_SDASDC,3.0,4.598283368295597e-06,0.12501094818932756
tabpfn_v3,Chungnam,clean,POI010000008ME62C,Gangwon,X_COORD,129.1763,-0.06239432545179113,0.12501094818932756
tabpfn_v3,Chungnam,clean,POI010000008ME62C,Gangwon,Y_COORD,37.448345,-0.06260319403435233,0.12501094818932756
tabpfn_v3,Chungnam,clean,POI010000008ME62C,Gangwon,ASORT_LCLASDC,4.0,1.7191448762332584e-06,0.12501094818932756
tabpfn_v3,Chungnam,clean,POI010000008ME62C,Gangwon,ASORT_MLSFCDC,2.0,-7.573991922527057e-07,0.12501094818932756
tabpfn_v3,Chungnam,clean,POI010000008ME62C,Gangwon,ASORT_SDASDC,4.0,-1.4087862467704326e-06,0.12501094818932756
tabpfn_v3,Chungnam,adversarial,POI010000008Q5P7V,Chungnam,X_COORD,126.6022,0.4012393119074886,0.1250109467263485
tabpfn_v3,Chungnam,adversarial,POI010000008Q5P7V,Chungnam,Y_COORD,36.338627,0.47487403593596866,0.1250109467263485
tabpfn_v3,Chungnam,adversarial,POI010000008Q5P7V,Chungnam,ASORT_LCLASDC,7.0,0.0008390013385337625,0.1250109467263485
tabpfn_v3,Chungnam,adversarial,POI010000008Q5P7V,Chungnam,ASORT_MLSFCDC,3.0,8.11060999694746e-07,0.1250109467263485
tabpfn_v3,Chungnam,adversarial,POI010000008Q5P7V,Chungnam,ASORT_SDASDC,11.0,-0.001977100781900276,0.1250109467263485
tabpfn_v3,Chungnam,adversarial,POI010000007EA6HE,Chungnam,X_COORD,127.14358,0.37018277578805225,0.12501094818932756
tabpfn_v3,Chungnam,adversarial,POI010000007EA6HE,Chungnam,Y_COORD,36.82875,0.5060890059272651,0.12501094818932756
tabpfn_v3,Chungnam,adversarial,POI010000007EA6HE,Chungnam,ASORT_LCLASDC,5.0,-0.001298607308171995,0.12501094818932756
tabpfn_v3,Chungnam,adversarial,POI010000007EA6HE,Chungnam,ASORT_MLSFCDC,2.0,9.187682792344276e-07,0.12501094818932756
tabpfn_v3,Chungnam,adversarial,POI010000007EA6HE,Chungnam,ASORT_SDASDC,12.0,1.9648226867730045e-06,0.12501094818932756
tabpfn_v3,Chungnam,adversarial,POI01000000CB4CIH,Gwangju,X_COORD,126.89318,0.125361558862366,0.1250109467263485
tabpfn_v3,Chungnam,adversarial,POI01000000CB4CIH,Gwangju,Y_COORD,35.181274,-0.2503592473840399,0.1250109467263485
tabpfn_v3,Chungnam,adversarial,POI01000000CB4CIH,Gwangju,ASORT_LCLASDC,6.0,-2.5864054009616666e-07,0.1250109467263485
tabpfn_v3,Chungnam,adversarial,POI01000000CB4CIH,Gwangju,ASORT_MLSFCDC,3.0,-4.982924792784615e-07,0.1250109467263485
tabpfn_v3,Chungnam,adversarial,POI01000000CB4CIH,Gwangju,ASORT_SDASDC,26.0,4.803909661177386e-07,0.1250109467263485
tabpfn_v3,Chungnam,adversarial,POI010000008ME62C,Gangwon,X_COORD,129.18471,-0.062410621188377036,0.12501094818932756
tabpfn_v3,Chungnam,adversarial,POI010000008ME62C,Gangwon,Y_COORD,37.44364,-0.06258752058640482,0.12501094818932756
tabpfn_v3,Chungnam,adversarial,POI010000008ME62C,Gangwon,ASORT_LCLASDC,6.0,2.3114375977684176e-06,0.12501094818932756
tabpfn_v3,Chungnam,adversarial,POI010000008ME62C,Gangwon,ASORT_MLSFCDC,2.0,-1.9294090805033193e-06,0.12501094818932756
tabpfn_v3,Chungnam,adversarial,POI010000008ME62C,Gangwon,ASORT_SDASDC,3.0,-2.0678044165833853e-07,0.12501094818932756
tabpfn_v3,Daegu,clean,POI01000000BO71UX,Daegu,X_COORD,128.5445,0.47428155293972907,0.03126222822368163
tabpfn_v3,Daegu,clean,POI01000000BO71UX,Daegu,Y_COORD,35.93442,0.49516400148701223,0.03126222822368163
tabpfn_v3,Daegu,clean,POI01000000BO71UX,Daegu,ASORT_LCLASDC,5.0,0.00035445228117225724,0.03126222822368163
tabpfn_v3,Daegu,clean,POI01000000BO71UX,Daegu,ASORT_MLSFCDC,2.0,1.235338804406183e-05,0.03126222822368163
tabpfn_v3,Daegu,clean,POI01000000BO71UX,Daegu,ASORT_SDASDC,3.0,-0.0010978341311016493,0.03126222822368163
tabpfn_v3,Daegu,clean,POI010000007VUU6S,Daegu,X_COORD,128.53603,0.47383794131006596,0.03126222822368163
tabpfn_v3,Daegu,clean,POI010000007VUU6S,Daegu,Y_COORD,35.848297,0.4943944010643264,0.03126222822368163
tabpfn_v3,Daegu,clean,POI010000007VUU6S,Daegu,ASORT_LCLASDC,4.0,0.0004901033829582957,0.03126222822368163
tabpfn_v3,Daegu,clean,POI010000007VUU6S,Daegu,ASORT_MLSFCDC,2.0,2.288584980192354e-06,0.03126222822368163
tabpfn_v3,Daegu,clean,POI010000007VUU6S,Daegu,ASORT_SDASDC,1.0,4.362142647096334e-08,0.03126222822368163
tabpfn_v3,Daegu,clean,POI01000000CBQSPQ,Chungnam,X_COORD,127.15603,-0.015620444591178284,0.03126222822368163
tabpfn_v3,Daegu,clean,POI01000000CBQSPQ,Chungnam,Y_COORD,36.863422,-0.01562880598193317,0.03126222822368163
tabpfn_v3,Daegu,clean,POI01000000CBQSPQ,Chungnam,ASORT_LCLASDC,8.0,3.957936201004486e-08,0.03126222822368163
tabpfn_v3,Daegu,clean,POI01000000CBQSPQ,Chungnam,ASORT_MLSFCDC,1.0,-3.8031672033866926e-08,0.03126222822368163
tabpfn_v3,Daegu,clean,POI01000000CBQSPQ,Chungnam,ASORT_SDASDC,2.0,2.4643611595820403e-09,0.03126222822368163
tabpfn_v3,Daegu,clean,POI010000008NUZCW,Chungbuk,X_COORD,127.464584,-0.015616427011167389,0.03126222822368163
tabpfn_v3,Daegu,clean,POI010000008NUZCW,Chungbuk,Y_COORD,36.63396,-0.01563281258491145,0.03126222822368163
tabpfn_v3,Daegu,clean,POI010000008NUZCW,Chungbuk,ASORT_LCLASDC,7.0,-1.7351658669895187e-06,0.03126222822368163
tabpfn_v3,Daegu,clean,POI010000008NUZCW,Chungbuk,ASORT_MLSFCDC,3.0,1.6516271017508188e-06,0.03126222822368163
tabpfn_v3,Daegu,clean,POI010000008NUZCW,Chungbuk,ASORT_SDASDC,3.0,7.657378375824919e-08,0.03126222822368163
tabpfn_v3,Daegu,adversarial,POI01000000BO71UX,Daegu,X_COORD,128.54416,0.4773791318763756,0.03126222822368163
tabpfn_v3,Daegu,adversarial,POI01000000BO71UX,Daegu,Y_COORD,35.938072,0.49105492611082013,0.03126222822368163
tabpfn_v3,Daegu,adversarial,POI01000000BO71UX,Daegu,ASORT_LCLASDC,5.0,0.0004740308461208542,0.03126222822368163
tabpfn_v3,Daegu,adversarial,POI01000000BO71UX,Daegu,ASORT_MLSFCDC,1.0,-5.901734908775325e-06,0.03126222822368163
tabpfn_v3,Daegu,adversarial,POI01000000BO71UX,Daegu,ASORT_SDASDC,3.0,-0.000246729336524254,0.03126222822368163
tabpfn_v3,Daegu,adversarial,POI010000007VUU6S,Daegu,X_COORD,128.53474,0.47713824664349147,0.03126222840489845
tabpfn_v3,Daegu,adversarial,POI010000007VUU6S,Daegu,Y_COORD,35.848057,0.49275083916447215,0.03126222840489845
tabpfn_v3,Daegu,adversarial,POI010000007VUU6S,Daegu,ASORT_LCLASDC,6.0,-0.001170208018194785,0.03126222840489845
tabpfn_v3,Daegu,adversarial,POI010000007VUU6S,Daegu,ASORT_MLSFCDC,2.0,3.1636042905347495e-06,0.03126222840489845
tabpfn_v3,Daegu,adversarial,POI010000007VUU6S,Daegu,ASORT_SDASDC,6.0,1.3654816513053447e-06,0.03126222840489845
tabpfn_v3,Daegu,adversarial,POI01000000CBQSPQ,Chungnam,X_COORD,127.1554,-0.01562356301403156,0.03126222822368163
tabpfn_v3,Daegu,adversarial,POI01000000CBQSPQ,Chungnam,Y_COORD,36.863518,-0.015625692654495538,0.03126222822368163
tabpfn_v3,Daegu,adversarial,POI01000000CBQSPQ,Chungnam,ASORT_LCLASDC,4.0,1.5754677917811932e-07,0.03126222822368163
tabpfn_v3,Daegu,adversarial,POI01000000CBQSPQ,Chungnam,ASORT_MLSFCDC,1.0,-1.5763774285915133e-08,0.03126222822368163
tabpfn_v3,Daegu,adversarial,POI01000000CBQSPQ,Chungnam,ASORT_SDASDC,12.0,-1.3267553811147081e-07,0.03126222822368163
tabpfn_v3,Daegu,adversarial,POI010000008NUZCW,Chungbuk,X_COORD,127.4626,-0.015624235056193925,0.03126222840489845
tabpfn_v3,Daegu,adversarial,POI010000008NUZCW,Chungbuk,Y_COORD,36.633686,-0.015625201919704068,0.03126222840489845
tabpfn_v3,Daegu,adversarial,POI010000008NUZCW,Chungbuk,ASORT_LCLASDC,6.0,-1.1549412164413297e-06,0.03126222840489845
tabpfn_v3,Daegu,adversarial,POI010000008NUZCW,Chungbuk,ASORT_MLSFCDC,3.0,5.161816147847276e-07,0.03126222840489845
tabpfn_v3,Daegu,adversarial,POI010000008NUZCW,Chungbuk,ASORT_SDASDC,26.0,8.289932225125085e-07,0.03126222840489845
tabpfn_v3,Daejeon,clean,POI01000000BO02UR,Daejeon,X_COORD,127.39208,0.45598010713671044,0.0937614064762613
tabpfn_v3,Daejeon,clean,POI01000000BO02UR,Daejeon,Y_COORD,36.42586,0.45651773079484315,0.0937614064762613
tabpfn_v3,Daejeon,clean,POI01000000BO02UR,Daejeon,ASORT_LCLASDC,5.0,-0.00796809823182798,0.0937614064762613
tabpfn_v3,Daejeon,clean,POI01000000BO02UR,Daejeon,ASORT_MLSFCDC,2.0,7.117659170319257e-05,0.0937614064762613
tabpfn_v3,Daejeon,clean,POI01000000BO02UR,Daejeon,ASORT_SDASDC,3.0,0.0015914836326089699,0.0937614064762613
tabpfn_v3,Daejeon,clean,POI010000006Q0CSW,Daejeon,X_COORD,127.426315,0.43306821795474093,0.0937614064762613
tabpfn_v3,Daejeon,clean,POI010000006Q0CSW,Daejeon,Y_COORD,36.330685,0.4728102855324323,0.0937614064762613
tabpfn_v3,Daejeon,clean,POI010000006Q0CSW,Daejeon,ASORT_LCLASDC,4.0,0.0003418228749865193,0.0937614064762613
tabpfn_v3,Daejeon,clean,POI010000006Q0CSW,Daejeon,ASORT_MLSFCDC,1.0,4.34586787889657e-06,0.0937614064762613
tabpfn_v3,Daejeon,clean,POI010000006Q0CSW,Daejeon,ASORT_SDASDC,6.0,9.274811390014293e-07,0.0937614064762613
tabpfn_v3,Daejeon,clean,POI01000000CB0JVX,Gwangju,X_COORD,126.86112,-0.04687465960758175,0.0937614064762613
tabpfn_v3,Daejeon,clean,POI01000000CB0JVX,Gwangju,Y_COORD,35.123394,-0.0468765279481147,0.0937614064762613
tabpfn_v3,Daejeon,clean,POI01000000CB0JVX,Gwangju,ASORT_LCLASDC,8.0,8.696545066300132e-06,0.0937614064762613
tabpfn_v3,Daejeon,clean,POI01000000CB0JVX,Gwangju,ASORT_MLSFCDC,1.0,-1.4108093964182444e-05,0.0937614064762613
tabpfn_v3,Daejeon,clean,POI01000000CB0JVX,Gwangju,ASORT_SDASDC,3.0,8.174290954343633e-06,0.0937614064762613
tabpfn_v3,Daejeon,clean,POI010000008N9T70,Chungbuk,X_COORD,128.09258,-0.0468505868235809,0.0937614064762613
tabpfn_v3,Daejeon,clean,POI010000008N9T70,Chungbuk,Y_COORD,36.845997,-0.046895670701445624,0.0937614064762613
tabpfn_v3,Daejeon,clean,POI010000008N9T70,Chungbuk,ASORT_LCLASDC,4.0,5.246414730208926e-06,0.0937614064762613
tabpfn_v3,Daejeon,clean,POI010000008N9T70,Chungbuk,ASORT_MLSFCDC,2.0,-6.615105448304348e-06,0.0937614064762613
tabpfn_v3,Daejeon,clean,POI010000008N9T70,Chungbuk,ASORT_SDASDC,1.0,-7.985978953684025e-07,0.0937614064762613
tabpfn_v3,Daejeon,adversarial,POI01000000BO02UR,Daejeon,X_COORD,127.39152,0.4567712172837304,0.09376140717162684
tabpfn_v3,Daejeon,adversarial,POI01000000BO02UR,Daejeon,Y_COORD,36.425694,0.456289610999562,0.09376140717162684
tabpfn_v3,Daejeon,adversarial,POI01000000BO02UR,Daejeon,ASORT_LCLASDC,6.0,-0.008924429889148655,0.09376140717162684
tabpfn_v3,Daejeon,adversarial,POI01000000BO02UR,Daejeon,ASORT_MLSFCDC,4.0,7.514278365761129e-05,0.09376140717162684
tabpfn_v3,Daejeon,adversarial,POI01000000BO02UR,Daejeon,ASORT_SDASDC,3.0,0.0018943121066570257,0.09376140717162684
tabpfn_v3,Daejeon,adversarial,POI010000006Q0CSW,Daejeon,X_COORD,127.42646,0.4332412765924971,0.0937614064762613
tabpfn_v3,Daejeon,adversarial,POI010000006Q0CSW,Daejeon,Y_COORD,36.33069,0.4727733733860475,0.0937614064762613
tabpfn_v3,Daejeon,adversarial,POI010000006Q0CSW,Daejeon,ASORT_LCLASDC,4.0,0.0002044632467033125,0.0937614064762613
tabpfn_v3,Daejeon,adversarial,POI010000006Q0CSW,Daejeon,ASORT_MLSFCDC,1.0,2.615470535261011e-06,0.0937614064762613
tabpfn_v3,Daejeon,adversarial,POI010000006Q0CSW,Daejeon,ASORT_SDASDC,11.0,5.331552870302403e-07,0.0937614064762613
tabpfn_v3,Daejeon,adversarial,POI01000000CB0JVX,Gwangju,X_COORD,126.86057,-0.04658247852115949,0.0937614064762613
tabpfn_v3,Daejeon,adversarial,POI01000000CB0JVX,Gwangju,Y_COORD,35.123158,-0.04686144945104331,0.0937614064762613
tabpfn_v3,Daejeon,adversarial,POI01000000CB0JVX,Gwangju,ASORT_LCLASDC,7.0,-4.078753589453754e-05,0.0937614064762613
tabpfn_v3,Daejeon,adversarial,POI01000000CB0JVX,Gwangju,ASORT_MLSFCDC,1.0,-5.816185272067287e-05,0.0937614064762613
tabpfn_v3,Daejeon,adversarial,POI01000000CB0JVX,Gwangju,ASORT_SDASDC,1.0,-0.00020554745282197473,0.0937614064762613
tabpfn_v3,Daejeon,adversarial,POI010000008N9T70,Chungbuk,X_COORD,128.09253,-0.0468513489381337,0.09376140717162684
tabpfn_v3,Daejeon,adversarial,POI010000008N9T70,Chungbuk,Y_COORD,36.84594,-0.046890455362827765,0.09376140717162684
tabpfn_v3,Daejeon,adversarial,POI010000008N9T70,Chungbuk,ASORT_LCLASDC,6.0,-9.300867631623078e-06,0.09376140717162684
tabpfn_v3,Daejeon,adversarial,POI010000008N9T70,Chungbuk,ASORT_MLSFCDC,3.0,3.3542978457035133e-06,0.09376140717162684
tabpfn_v3,Daejeon,adversarial,POI010000008N9T70,Chungbuk,ASORT_SDASDC,23.0,-6.746382581468424e-07,0.09376140717162684
tabpfn_v3,Gangwon,clean,POI010000008MWZK5,Gangwon,X_COORD,128.60829,0.08856662108205171,1.2981662621314172e-05
tabpfn_v3,Gangwon,clean,POI010000008MWZK5,Gangwon,Y_COORD,38.14946,0.9015789074317695,1.2981662621314172e-05
tabpfn_v3,Gangwon,clean,POI010000008MWZK5,Gangwon,ASORT_LCLASDC,4.0,0.005176091036702246,1.2981662621314172e-05
tabpfn_v3,Gangwon,clean,POI010000008MWZK5,Gangwon,ASORT_MLSFCDC,1.0,2.974351360762739e-07,1.2981662621314172e-05
tabpfn_v3,Gangwon,clean,POI010000008MWZK5,Gangwon,ASORT_SDASDC,13.0,0.0046521075391581235,1.2981662621314172e-05
tabpfn_v3,Gangwon,clean,POI0100000075T8EN,Gangwon,X_COORD,128.89076,0.3613026457495181,1.2981662621314172e-05
tabpfn_v3,Gangwon,clean,POI0100000075T8EN,Gangwon,Y_COORD,37.745617,0.6382114499046452,1.2981662621314172e-05
tabpfn_v3,Gangwon,clean,POI0100000075T8EN,Gangwon,ASORT_LCLASDC,3.0,0.0004596406314618662,1.2981662621314172e-05
tabpfn_v3,Gangwon,clean,POI0100000075T8EN,Gangwon,ASORT_MLSFCDC,1.0,1.6704997563010693e-07,1.2981662621314172e-05
tabpfn_v3,Gangwon,clean,POI0100000075T8EN,Gangwon,ASORT_SDASDC,7.0,1.2118921688397677e-07,1.2981662621314172e-05
tabpfn_v3,Gangwon,clean,POI01000000CBILJ5,Chungnam,X_COORD,127.10345,2.4320174674130612e-06,1.2981662621314172e-05
tabpfn_v3,Gangwon,clean,POI01000000CBILJ5,Chungnam,Y_COORD,36.187023,-2.4320174674130612e-06,1.2981662621314172e-05
tabpfn_v3,Gangwon,clean,POI01000000CBILJ5,Chungnam,ASORT_LCLASDC,8.0,7.095533760548278e-07,1.2981662621314172e-05
tabpfn_v3,Gangwon,clean,POI01000000CBILJ5,Chungnam,ASORT_MLSFCDC,1.0,-7.083171169597335e-07,1.2981662621314172e-05
tabpfn_v3,Gangwon,clean,POI01000000CBILJ5,Chungnam,ASORT_SDASDC,3.0,-1.2362590950942831e-09,1.2981662621314172e-05
tabpfn_v3,Gangwon,clean,POI010000008O4DPY,Chungbuk,X_COORD,127.92254,0.041219401526163324,1.2981662621314172e-05
tabpfn_v3,Gangwon,clean,POI010000008O4DPY,Chungbuk,Y_COORD,36.98458,-0.041219401526163324,1.2981662621314172e-05
tabpfn_v3,Gangwon,clean,POI010000008O4DPY,Chungbuk,ASORT_LCLASDC,7.0,-3.6885708709633036e-07,1.2981662621314172e-05
tabpfn_v3,Gangwon,clean,POI010000008O4DPY,Chungbuk,ASORT_MLSFCDC,3.0,3.328967324023324e-07,1.2981662621314172e-05
tabpfn_v3,Gangwon,clean,POI010000008O4DPY,Chungbuk,ASORT_SDASDC,4.0,3.596035469399794e-08,1.2981662621314172e-05
tabpfn_v3,Gangwon,adversarial,POI010000008MWZK5,Gangwon,X_COORD,128.60167,0.09307617219158715,1.2981662621314172e-05
tabpfn_v3,Gangwon,adversarial,POI010000008MWZK5,Gangwon,Y_COORD,38.148335,0.9023925547740816,1.2981662621314172e-05
tabpfn_v3,Gangwon,adversarial,POI010000008MWZK5,Gangwon,ASORT_LCLASDC,6.0,0.0019423400425324644,1.2981662621314172e-05
tabpfn_v3,Gangwon,adversarial,POI010000008MWZK5,Gangwon,ASORT_MLSFCDC,3.0,4.2284081303023413e-07,1.2981662621314172e-05
tabpfn_v3,Gangwon,adversarial,POI010000008MWZK5,Gangwon,ASORT_SDASDC,26.0,0.0025622962572242614,1.2981662621314172e-05
tabpfn_v3,Gangwon,adversarial,POI0100000075T8EN,Gangwon,X_COORD,128.89609,0.3609669761696068,1.2981662621314172e-05
tabpfn_v3,Gangwon,adversarial,POI0100000075T8EN,Gangwon,Y_COORD,37.745266,0.6386275847487468,1.2981662621314172e-05
tabpfn_v3,Gangwon,adversarial,POI0100000075T8EN,Gangwon,ASORT_LCLASDC,6.0,0.0003784358224265816,1.2981662621314172e-05
tabpfn_v3,Gangwon,adversarial,POI0100000075T8EN,Gangwon,ASORT_MLSFCDC,3.0,6.985122951164158e-07,1.2981662621314172e-05
tabpfn_v3,Gangwon,adversarial,POI0100000075T8EN,Gangwon,ASORT_SDASDC,27.0,3.292717423164504e-07,1.2981662621314172e-05
tabpfn_v3,Gangwon,adversarial,POI01000000CBILJ5,Chungnam,X_COORD,127.103386,8.765154575485212e-07,1.2981662621314172e-05
tabpfn_v3,Gangwon,adversarial,POI01000000CBILJ5,Chungnam,Y_COORD,36.186943,-9.832379674890035e-07,1.2981662621314172e-05
tabpfn_v3,Gangwon,adversarial,POI01000000CBILJ5,Chungnam,ASORT_LCLASDC,6.0,5.1490914643181895e-08,1.2981662621314172e-05
tabpfn_v3,Gangwon,adversarial,POI01000000CBILJ5,Chungnam,ASORT_MLSFCDC,5.0,5.716917428344459e-08,1.2981662621314172e-05
tabpfn_v3,Gangwon,adversarial,POI01000000CBILJ5,Chungnam,ASORT_SDASDC,3.0,-1.937578986144217e-09,1.2981662621314172e-05
tabpfn_v3,Gangwon,adversarial,POI010000008O4DPY,Chungbuk,X_COORD,127.922485,0.038964334836023795,1.2981662621314172e-05
tabpfn_v3,Gangwon,adversarial,POI010000008O4DPY,Chungbuk,Y_COORD,36.984447,-0.038964367102749975,1.2981662621314172e-05
tabpfn_v3,Gangwon,adversarial,POI010000008O4DPY,Chungbuk,ASORT_LCLASDC,7.0,-6.748399243861058e-07,1.2981662621314172e-05
tabpfn_v3,Gangwon,adversarial,POI010000008O4DPY,Chungbuk,ASORT_MLSFCDC,3.0,5.784765306771078e-07,1.2981662621314172e-05
tabpfn_v3,Gangwon,adversarial,POI010000008O4DPY,Chungbuk,ASORT_SDASDC,11.0,1.2863011988883954e-07,1.2981662621314172e-05
tabpfn_v3,Gwangju,clean,POI010000009F0TXA,Gwangju,X_COORD,126.8701,0.562515771189581,0.03126213081347373
tabpfn_v3,Gwangju,clean,POI010000009F0TXA,Gwangju,Y_COORD,35.200794,0.40685168930394866,0.03126213081347373
tabpfn_v3,Gwangju,clean,POI010000009F0TXA,Gwangju,ASORT_LCLASDC,2.0,0.0007168335724969666,0.03126213081347373
tabpfn_v3,Gwangju,clean,POI010000009F0TXA,Gwangju,ASORT_MLSFCDC,2.0,3.944923521714827e-05,0.03126213081347373
tabpfn_v3,Gwangju,clean,POI010000009F0TXA,Gwangju,ASORT_SDASDC,1.0,-0.0014296239239826036,0.03126213081347373
tabpfn_v3,Gwangju,clean,POI01000000724IVM,Gwangju,X_COORD,126.86615,0.5558235273589105,0.03126213081347373
tabpfn_v3,Gwangju,clean,POI01000000724IVM,Gwangju,Y_COORD,35.120834,0.4090629498492575,0.03126213081347373
tabpfn_v3,Gwangju,clean,POI01000000724IVM,Gwangju,ASORT_LCLASDC,8.0,0.0037994512558015003,0.03126213081347373
tabpfn_v3,Gwangju,clean,POI01000000724IVM,Gwangju,ASORT_MLSFCDC,1.0,3.549004738090389e-05,0.03126213081347373
tabpfn_v3,Gwangju,clean,POI01000000724IVM,Gwangju,ASORT_SDASDC,3.0,2.1455604297671016e-06,0.03126213081347373
tabpfn_v3,Gwangju,clean,POI01000000CBQ6KZ,Chungnam,X_COORD,127.13886,-0.01466674190820072,0.03126213081347373
tabpfn_v3,Gwangju,clean,POI01000000CBQ6KZ,Chungnam,Y_COORD,36.816982,-0.01658245990454077,0.03126213081347373
tabpfn_v3,Gwangju,clean,POI01000000CBQ6KZ,Chungnam,ASORT_LCLASDC,8.0,-3.917620460924809e-06,0.03126213081347373
tabpfn_v3,Gwangju,clean,POI01000000CBQ6KZ,Chungnam,ASORT_MLSFCDC,1.0,-3.878945747715079e-06,0.03126213081347373
tabpfn_v3,Gwangju,clean,POI01000000CBQ6KZ,Chungnam,ASORT_SDASDC,2.0,7.849228097711602e-06,0.03126213081347373
tabpfn_v3,Gwangju,clean,POI010000008NXZRE,Chungbuk,X_COORD,128.19675,-0.015545631774486424,0.03126213081347373
tabpfn_v3,Gwangju,clean,POI010000008NXZRE,Chungbuk,Y_COORD,37.147335,-0.01570352482694659,0.03126213081347373
tabpfn_v3,Gwangju,clean,POI010000008NXZRE,Chungbuk,ASORT_LCLASDC,7.0,-2.567874005876547e-06,0.03126213081347373
tabpfn_v3,Gwangju,clean,POI010000008NXZRE,Chungbuk,ASORT_MLSFCDC,3.0,2.540389274940935e-06,0.03126213081347373
tabpfn_v3,Gwangju,clean,POI010000008NXZRE,Chungbuk,ASORT_SDASDC,6.0,3.4935311532535707e-08,0.03126213081347373
tabpfn_v3,Gwangju,adversarial,POI010000009F0TXA,Gwangju,X_COORD,126.86911,0.5458633067047458,0.03126213081347373
tabpfn_v3,Gwangju,adversarial,POI010000009F0TXA,Gwangju,Y_COORD,35.202347,0.400843128410159,0.03126213081347373
tabpfn_v3,Gwangju,adversarial,POI010000009F0TXA,Gwangju,ASORT_LCLASDC,7.0,-0.0002640423925441837,0.03126213081347373
tabpfn_v3,Gwangju,adversarial,POI010000009F0TXA,Gwangju,ASORT_MLSFCDC,1.0,-0.013287247951879522,0.03126213081347373
tabpfn_v3,Gwangju,adversarial,POI010000009F0TXA,Gwangju,ASORT_SDASDC,1.0,-0.01170539537689308,0.03126213081347373
tabpfn_v3,Gwangju,adversarial,POI01000000724IVM,Gwangju,X_COORD,126.86384,0.5588365288978991,0.03126213081347373
tabpfn_v3,Gwangju,adversarial,POI01000000724IVM,Gwangju,Y_COORD,35.11694,0.4127493803179192,0.03126213081347373
tabpfn_v3,Gwangju,adversarial,POI01000000724IVM,Gwangju,ASORT_LCLASDC,7.0,-0.009797414257135983,0.03126213081347373
tabpfn_v3,Gwangju,adversarial,POI01000000724IVM,Gwangju,ASORT_MLSFCDC,1.0,-0.004261037196769735,0.03126213081347373
tabpfn_v3,Gwangju,adversarial,POI01000000724IVM,Gwangju,ASORT_SDASDC,1.0,-0.003996342782997431,0.03126213081347373
tabpfn_v3,Gwangju,adversarial,POI01000000CBQ6KZ,Chungnam,X_COORD,127.14033,-0.015116525807385983,0.03126213081347373
tabpfn_v3,Gwangju,adversarial,POI01000000CBQ6KZ,Chungnam,Y_COORD,36.820232,-0.016131559947027085,0.03126213081347373
tabpfn_v3,Gwangju,adversarial,POI01000000CBQ6KZ,Chungnam,ASORT_LCLASDC,4.0,6.798178731060034e-08,0.03126213081347373
tabpfn_v3,Gwangju,adversarial,POI01000000CBQ6KZ,Chungnam,ASORT_MLSFCDC,1.0,-6.97661221238377e-07,0.03126213081347373
tabpfn_v3,Gwangju,adversarial,POI01000000CBQ6KZ,Chungnam,ASORT_SDASDC,12.0,-4.337170054213857e-07,0.03126213081347373
tabpfn_v3,Gwangju,adversarial,POI010000008NXZRE,Chungbuk,X_COORD,128.19643,-0.015550431347492122,0.03126213081347373
tabpfn_v3,Gwangju,adversarial,POI010000008NXZRE,Chungbuk,Y_COORD,37.149006,-0.015698725005208303,0.03126213081347373
tabpfn_v3,Gwangju,adversarial,POI010000008NXZRE,Chungbuk,ASORT_LCLASDC,7.0,-3.604007488888783e-06,0.03126213081347373
tabpfn_v3,Gwangju,adversarial,POI010000008NXZRE,Chungbuk,ASORT_MLSFCDC,3.0,3.904312407598809e-06,0.03126213081347373
tabpfn_v3,Gwangju,adversarial,POI010000008NXZRE,Chungbuk,ASORT_SDASDC,13.0,-2.931030707031823e-07,0.03126213081347373
tabpfn_v3,Gyeongbuk,clean,POI01000000BQXQ0K,Gyeongbuk,X_COORD,128.75383,0.6336760512205188,0.06250899527091747
tabpfn_v3,Gyeongbuk,clean,POI01000000BQXQ0K,Gyeongbuk,Y_COORD,35.815125,0.30611201370341234,0.06250899527091747
tabpfn_v3,Gyeongbuk,clean,POI01000000BQXQ0K,Gyeongbuk,ASORT_LCLASDC,5.0,-0.005505508456181474,0.06250899527091747
tabpfn_v3,Gyeongbuk,clean,POI01000000BQXQ0K,Gyeongbuk,ASORT_MLSFCDC,2.0,2.9259199266107316e-05,0.06250899527091747
tabpfn_v3,Gyeongbuk,clean,POI01000000BQXQ0K,Gyeongbuk,ASORT_SDASDC,3.0,0.003155883645959534,0.06250899527091747
tabpfn_v3,Gyeongbuk,clean,POI010000008UM81T,Gyeongbuk,X_COORD,128.74263,0.5544360357920368,0.06250899916793173
tabpfn_v3,Gyeongbuk,clean,POI010000008UM81T,Gyeongbuk,Y_COORD,36.564972,0.3831035064306292,0.06250899916793173
tabpfn_v3,Gyeongbuk,clean,POI010000008UM81T,Gyeongbuk,ASORT_LCLASDC,7.0,-4.607866510752956e-05,0.06250899916793173
tabpfn_v3,Gyeongbuk,clean,POI010000008UM81T,Gyeongbuk,ASORT_MLSFCDC,3.0,-1.110494274314533e-05,0.06250899916793173
tabpfn_v3,Gyeongbuk,clean,POI010000008UM81T,Gyeongbuk,ASORT_SDASDC,6.0,-4.351595308094147e-06,0.06250899916793173
tabpfn_v3,Gyeongbuk,clean,POI01000000CBCHJV,Jeonbuk,X_COORD,127.16952,-0.1253655179243509,0.06250899527091747
tabpfn_v3,Gyeongbuk,clean,POI01000000CBCHJV,Jeonbuk,Y_COORD,35.83417,0.0628694358313453,0.06250899527091747
tabpfn_v3,Gyeongbuk,clean,POI01000000CBCHJV,Jeonbuk,ASORT_LCLASDC,8.0,1.0352822386039406e-06,0.06250899527091747
tabpfn_v3,Gyeongbuk,clean,POI01000000CBCHJV,Jeonbuk,ASORT_MLSFCDC,1.0,-6.589514640609195e-07,0.06250899527091747
tabpfn_v3,Gyeongbuk,clean,POI01000000CBCHJV,Jeonbuk,ASORT_SDASDC,2.0,-3.0784606508404977e-07,0.06250899527091747
tabpfn_v3,Gyeongbuk,clean,POI010000008LWHIK,Gangwon,X_COORD,128.60445,0.18072346417727658,0.06250899916793173
tabpfn_v3,Gyeongbuk,clean,POI010000008LWHIK,Gangwon,Y_COORD,38.185616,-0.24321772122104335,0.06250899916793173
tabpfn_v3,Gyeongbuk,clean,POI010000008LWHIK,Gangwon,ASORT_LCLASDC,7.0,2.2705198645667224e-05,0.06250899916793173
tabpfn_v3,Gyeongbuk,clean,POI010000008LWHIK,Gangwon,ASORT_MLSFCDC,3.0,-1.8272934696028642e-05,0.06250899916793173
tabpfn_v3,Gyeongbuk,clean,POI010000008LWHIK,Gangwon,ASORT_SDASDC,13.0,-6.192725493292528e-06,0.06250899916793173
tabpfn_v3,Gyeongbuk,adversarial,POI01000000BQXQ0K,Gyeongbuk,X_COORD,128.75317,0.63282902895088,0.06250899527091747
tabpfn_v3,Gyeongbuk,adversarial,POI01000000BQXQ0K,Gyeongbuk,Y_COORD,35.81516,0.30567005382542334,0.06250899527091747
tabpfn_v3,Gyeongbuk,adversarial,POI01000000BQXQ0K,Gyeongbuk,ASORT_LCLASDC,5.0,-0.0002149308811709716,0.06250899527091747
tabpfn_v3,Gyeongbuk,adversarial,POI01000000BQXQ0K,Gyeongbuk,ASORT_MLSFCDC,1.0,7.783687948403895e-06,0.06250899527091747
tabpfn_v3,Gyeongbuk,adversarial,POI01000000BQXQ0K,Gyeongbuk,ASORT_SDASDC,3.0,-0.0008738869392033166,0.06250899527091747
tabpfn_v3,Gyeongbuk,adversarial,POI010000008UM81T,Gyeongbuk,X_COORD,128.73979,0.5511098856962207,0.06250899916793173
tabpfn_v3,Gyeongbuk,adversarial,POI010000008UM81T,Gyeongbuk,Y_COORD,36.567955,0.38556935042444707,0.06250899916793173
tabpfn_v3,Gyeongbuk,adversarial,POI010000008UM81T,Gyeongbuk,ASORT_LCLASDC,6.0,0.000816237731001479,0.06250899916793173
tabpfn_v3,Gyeongbuk,adversarial,POI010000008UM81T,Gyeongbuk,ASORT_MLSFCDC,3.0,-1.1024849001728398e-05,0.06250899916793173
tabpfn_v3,Gyeongbuk,adversarial,POI010000008UM81T,Gyeongbuk,ASORT_SDASDC,26.0,-6.441983160243581e-06,0.06250899916793173
tabpfn_v3,Gyeongbuk,adversarial,POI01000000CBCHJV,Jeonbuk,X_COORD,127.177345,-0.12530810399012182,0.06250899916793173
tabpfn_v3,Gyeongbuk,adversarial,POI01000000CBCHJV,Jeonbuk,Y_COORD,35.832687,0.06282133476535989,0.06250899916793173
tabpfn_v3,Gyeongbuk,adversarial,POI01000000CBCHJV,Jeonbuk,ASORT_LCLASDC,6.0,-4.325248383452163e-06,0.06250899916793173
tabpfn_v3,Gyeongbuk,adversarial,POI01000000CBCHJV,Jeonbuk,ASORT_MLSFCDC,3.0,1.900213618455382e-06,0.06250899916793173
tabpfn_v3,Gyeongbuk,adversarial,POI01000000CBCHJV,Jeonbuk,ASORT_SDASDC,27.0,-6.823245783493803e-06,0.06250899916793173
tabpfn_v3,Gyeongbuk,adversarial,POI010000008LWHIK,Gangwon,X_COORD,128.59732,0.18109671556068463,0.06250899916793173
tabpfn_v3,Gyeongbuk,adversarial,POI010000008LWHIK,Gangwon,Y_COORD,38.186592,-0.24358405241710557,0.06250899916793173
tabpfn_v3,Gyeongbuk,adversarial,POI010000008LWHIK,Gangwon,ASORT_LCLASDC,6.0,1.3404068866407215e-05,0.06250899916793173
tabpfn_v3,Gyeongbuk,adversarial,POI010000008LWHIK,Gangwon,ASORT_MLSFCDC,3.0,-1.5386106070991445e-05,0.06250899916793173
tabpfn_v3,Gyeongbuk,adversarial,POI010000008LWHIK,Gangwon,ASORT_SDASDC,26.0,-6.644783240972174e-06,0.06250899916793173
tabpfn_v3,Gyeonggi,clean,POI010000008KMU48,Gyeonggi,X_COORD,126.82401,0.3718606018921946,0.03134581690287064
tabpfn_v3,Gyeonggi,clean,POI010000008KMU48,Gyeonggi,Y_COORD,37.62142,0.5956255170377602,0.03134581690287064
tabpfn_v3,Gyeonggi,clean,POI010000008KMU48,Gyeonggi,ASORT_LCLASDC,4.0,-0.0012735001890575859,0.03134581690287064
tabpfn_v3,Gyeonggi,clean,POI010000008KMU48,Gyeonggi,ASORT_MLSFCDC,2.0,0.00042977766126739425,0.03134581690287064
tabpfn_v3,Gyeonggi,clean,POI010000008KMU48,Gyeonggi,ASORT_SDASDC,1.0,0.0019390690283387357,0.03134581690287064
tabpfn_v3,Gyeonggi,clean,POI010000006JI126,Gyeonggi,X_COORD,126.97522,0.2630296136930781,0.03134617612386137
tabpfn_v3,Gyeonggi,clean,POI010000006JI126,Gyeonggi,Y_COORD,37.282684,0.7046910648190305,0.03134617612386137
tabpfn_v3,Gyeonggi,clean,POI010000006JI126,Gyeonggi,ASORT_LCLASDC,3.0,0.0005348449420949919,0.03134617612386137
tabpfn_v3,Gyeonggi,clean,POI010000006JI126,Gyeonggi,ASORT_MLSFCDC,2.0,0.0002657048075320745,0.03134617612386137
tabpfn_v3,Gyeonggi,clean,POI010000006JI126,Gyeonggi,ASORT_SDASDC,5.0,0.0001196018018418954,0.03134617612386137
tabpfn_v3,Gyeonggi,clean,POI01000000CBOZ5B,Chungnam,X_COORD,126.923584,0.015222100435863695,0.03134581690287064
tabpfn_v3,Gyeonggi,clean,POI01000000CBOZ5B,Chungnam,Y_COORD,36.284462,-0.04653853089105553,0.03134581690287064
tabpfn_v3,Gyeonggi,clean,POI01000000CBOZ5B,Chungnam,ASORT_LCLASDC,8.0,0.00010994710117984141,0.03134581690287064
tabpfn_v3,Gyeonggi,clean,POI01000000CBOZ5B,Chungnam,ASORT_MLSFCDC,1.0,-1.0911829917858995e-05,0.03134581690287064
tabpfn_v3,Gyeonggi,clean,POI01000000CBOZ5B,Chungnam,ASORT_SDASDC,2.0,-0.0001154400563194713,0.03134581690287064
tabpfn_v3,Gyeonggi,clean,POI010000008O5AOV,Chungbuk,X_COORD,127.4704,0.030997475018651244,0.03134617612386137
tabpfn_v3,Gyeonggi,clean,POI010000008O5AOV,Chungbuk,Y_COORD,36.626766,-0.062322942924168956,0.03134617612386137
tabpfn_v3,Gyeonggi,clean,POI010000008O5AOV,Chungbuk,ASORT_LCLASDC,7.0,-6.875853161147916e-05,0.03134617612386137
tabpfn_v3,Gyeonggi,clean,POI010000008O5AOV,Chungbuk,ASORT_MLSFCDC,3.0,-0.0007602843781455704,0.03134617612386137
tabpfn_v3,Gyeonggi,clean,POI010000008O5AOV,Chungbuk,ASORT_SDASDC,9.0,0.0008213163540347068,0.03134617612386137
tabpfn_v3,Gyeonggi,adversarial,POI010000008KMU48,Gyeonggi,X_COORD,126.82673,0.369876694778398,0.03134581690287064
tabpfn_v3,Gyeonggi,adversarial,POI010000008KMU48,Gyeonggi,Y_COORD,37.622173,0.6020230711462347,0.03134581690287064
tabpfn_v3,Gyeonggi,adversarial,POI010000008KMU48,Gyeonggi,ASORT_LCLASDC,6.0,-0.004633667877570247,0.03134581690287064
tabpfn_v3,Gyeonggi,adversarial,POI010000008KMU48,Gyeonggi,ASORT_MLSFCDC,2.0,0.00041139055967676086,0.03134581690287064
tabpfn_v3,Gyeonggi,adversarial,POI010000008KMU48,Gyeonggi,ASORT_SDASDC,1.0,0.0007437595386079465,0.03134581690287064
tabpfn_v3,Gyeonggi,adversarial,POI010000006JI126,Gyeonggi,X_COORD,126.97409,0.26156936673666564,0.03134617612386137
tabpfn_v3,Gyeonggi,adversarial,POI010000006JI126,Gyeonggi,Y_COORD,37.283558,0.7069255268687584,0.03134617612386137
tabpfn_v3,Gyeonggi,adversarial,POI010000006JI126,Gyeonggi,ASORT_LCLASDC,6.0,-0.0002496778963632096,0.03134617612386137
tabpfn_v3,Gyeonggi,adversarial,POI010000006JI126,Gyeonggi,ASORT_MLSFCDC,3.0,0.000261152567446743,0.03134617612386137
tabpfn_v3,Gyeonggi,adversarial,POI010000006JI126,Gyeonggi,ASORT_SDASDC,23.0,0.00013040867122526834,0.03134617612386137
tabpfn_v3,Gyeonggi,adversarial,POI01000000CBOZ5B,Chungnam,X_COORD,126.9218,0.013194008834290116,0.03134617612386137
tabpfn_v3,Gyeonggi,adversarial,POI01000000CBOZ5B,Chungnam,Y_COORD,36.280262,-0.046176386270573744,0.03134617612386137
tabpfn_v3,Gyeonggi,adversarial,POI01000000CBOZ5B,Chungnam,ASORT_LCLASDC,6.0,0.0006383475395352889,0.03134617612386137
tabpfn_v3,Gyeonggi,adversarial,POI01000000CBOZ5B,Chungnam,ASORT_MLSFCDC,5.0,0.0010109859373130803,0.03134617612386137
tabpfn_v3,Gyeonggi,adversarial,POI01000000CBOZ5B,Chungnam,ASORT_SDASDC,3.0,1.4217540922345506e-07,0.03134617612386137
tabpfn_v3,Gyeonggi,adversarial,POI010000008O5AOV,Chungbuk,X_COORD,127.47056,0.03102981745662703,0.03134617612386137
tabpfn_v3,Gyeonggi,adversarial,POI010000008O5AOV,Chungbuk,Y_COORD,36.62627,-0.06239346886107455,0.03134617612386137
tabpfn_v3,Gyeonggi,adversarial,POI010000008O5AOV,Chungbuk,ASORT_LCLASDC,6.0,6.719571558733151e-06,0.03134617612386137
tabpfn_v3,Gyeonggi,adversarial,POI010000008O5AOV,Chungbuk,ASORT_MLSFCDC,3.0,1.729384645443588e-05,0.03134617612386137
tabpfn_v3,Gyeonggi,adversarial,POI010000008O5AOV,Chungbuk,ASORT_SDASDC,26.0,6.443525194299582e-06,0.03134617612386137
tabpfn_v3,Gyeongnam,clean,POI01000000BOHVW3,Gyeongnam,X_COORD,128.0829,0.5648770125073526,0.06251590491493175
tabpfn_v3,Gyeongnam,clean,POI01000000BOHVW3,Gyeongnam,Y_COORD,34.941944,0.3607388924952204,0.06251590491493175
tabpfn_v3,Gyeongnam,clean,POI01000000BOHVW3,Gyeongnam,ASORT_LCLASDC,5.0,0.005472232258966869,0.06251590491493175
tabpfn_v3,Gyeongnam,clean,POI01000000BOHVW3,Gyeongnam,ASORT_MLSFCDC,2.0,2.5620585120122996e-07,0.06251590491493175
tabpfn_v3,Gyeongnam,clean,POI01000000BOHVW3,Gyeongnam,ASORT_SDASDC,3.0,0.006382707805116183,0.06251590491493175
tabpfn_v3,Gyeongnam,clean,POI010000008WW7FI,Gyeongnam,X_COORD,129.04568,0.3030691656957174,0.06251590491493175
tabpfn_v3,Gyeongnam,clean,POI010000008WW7FI,Gyeongnam,Y_COORD,35.438126,0.620894271049778,0.06251590491493175
tabpfn_v3,Gyeongnam,clean,POI010000008WW7FI,Gyeongnam,ASORT_LCLASDC,4.0,-0.0007481171280403487,0.06251590491493175
tabpfn_v3,Gyeongnam,clean,POI010000008WW7FI,Gyeongnam,ASORT_MLSFCDC,2.0,0.001994961033517484,0.06251590491493175
tabpfn_v3,Gyeongnam,clean,POI010000008WW7FI,Gyeongnam,ASORT_SDASDC,1.0,-0.0007639863547836967,0.06251590491493175
tabpfn_v3,Gyeongnam,clean,POI01000000CBKXTT,Chungnam,X_COORD,126.63764,-0.03559384535762433,0.06251590491493175
tabpfn_v3,Gyeongnam,clean,POI01000000CBKXTT,Chungnam,Y_COORD,36.893112,-0.031253961923709994,0.06251590491493175
tabpfn_v3,Gyeongnam,clean,POI01000000CBKXTT,Chungnam,ASORT_LCLASDC,8.0,0.002065585623697075,0.06251590491493175
tabpfn_v3,Gyeongnam,clean,POI01000000CBKXTT,Chungnam,ASORT_MLSFCDC,1.0,-0.0005842135874161158,0.06251590491493175
tabpfn_v3,Gyeongnam,clean,POI01000000CBKXTT,Chungnam,ASORT_SDASDC,2.0,0.0028635119927429287,0.06251590491493175
tabpfn_v3,Gyeongnam,clean,POI010000008LX0SE,Gangwon,X_COORD,128.9092,-0.0002005636218740392,0.06251590491493175
tabpfn_v3,Gyeongnam,clean,POI010000008LX0SE,Gangwon,Y_COORD,37.80343,-0.06675549593892072,0.06251590491493175
tabpfn_v3,Gyeongnam,clean,POI010000008LX0SE,Gangwon,ASORT_LCLASDC,4.0,0.002488766590886371,0.06251590491493175
tabpfn_v3,Gyeongnam,clean,POI010000008LX0SE,Gangwon,ASORT_MLSFCDC,1.0,0.0017393362880113727,0.06251590491493175
tabpfn_v3,Gyeongnam,clean,POI010000008LX0SE,Gangwon,ASORT_SDASDC,6.0,0.00022503342958657413,0.06251590491493175
tabpfn_v3,Gyeongnam,adversarial,POI01000000BOHVW3,Gyeongnam,X_COORD,128.08354,0.5640914754819732,0.0625158927531686
tabpfn_v3,Gyeongnam,adversarial,POI01000000BOHVW3,Gyeongnam,Y_COORD,34.94173,0.36592116817189435,0.0625158927531686
tabpfn_v3,Gyeongnam,adversarial,POI01000000BOHVW3,Gyeongnam,ASORT_LCLASDC,6.0,0.00394094748529028,0.0625158927531686
tabpfn_v3,Gyeongnam,adversarial,POI01000000BOHVW3,Gyeongnam,ASORT_MLSFCDC,2.0,-1.3219592176483275e-07,0.0625158927531686
tabpfn_v3,Gyeongnam,adversarial,POI01000000BOHVW3,Gyeongnam,ASORT_SDASDC,5.0,0.003517058444586496,0.0625158927531686
tabpfn_v3,Gyeongnam,adversarial,POI010000008WW7FI,Gyeongnam,X_COORD,129.04529,0.2993969373676464,0.06251590491493175
tabpfn_v3,Gyeongnam,adversarial,POI010000008WW7FI,Gyeongnam,Y_COORD,35.438583,0.6201584119448427,0.06251590491493175
tabpfn_v3,Gyeongnam,adversarial,POI010000008WW7FI,Gyeongnam,ASORT_LCLASDC,6.0,-0.0010513610499458537,0.06251590491493175
tabpfn_v3,Gyeongnam,adversarial,POI010000008WW7FI,Gyeongnam,ASORT_MLSFCDC,2.0,0.0008265907866302769,0.06251590491493175
tabpfn_v3,Gyeongnam,adversarial,POI010000008WW7FI,Gyeongnam,ASORT_SDASDC,3.0,0.0020792162235778733,0.06251590491493175
tabpfn_v3,Gyeongnam,adversarial,POI01000000CBKXTT,Chungnam,X_COORD,126.63765,-0.03624359584706838,0.06251590491493175
tabpfn_v3,Gyeongnam,adversarial,POI01000000CBKXTT,Chungnam,Y_COORD,36.893353,-0.03125202788631043,0.06251590491493175
tabpfn_v3,Gyeongnam,adversarial,POI01000000CBKXTT,Chungnam,ASORT_LCLASDC,4.0,0.0008694815327601191,0.06251590491493175
tabpfn_v3,Gyeongnam,adversarial,POI01000000CBKXTT,Chungnam,ASORT_MLSFCDC,1.0,0.0018907721316878678,0.06251590491493175
tabpfn_v3,Gyeongnam,adversarial,POI01000000CBKXTT,Chungnam,ASORT_SDASDC,11.0,0.0022324468166203815,0.06251590491493175
tabpfn_v3,Gyeongnam,adversarial,POI010000008LX0SE,Gangwon,X_COORD,128.91945,-0.010682080885345613,0.0625158927531686
tabpfn_v3,Gyeongnam,adversarial,POI010000008LX0SE,Gangwon,Y_COORD,37.799515,-0.05408352818031403,0.0625158927531686
tabpfn_v3,Gyeongnam,adversarial,POI010000008LX0SE,Gangwon,ASORT_LCLASDC,6.0,0.0013568411039273087,0.0625158927531686
tabpfn_v3,Gyeongnam,adversarial,POI010000008LX0SE,Gangwon,ASORT_MLSFCDC,3.0,0.00037238859552246595,0.0625158927531686
tabpfn_v3,Gyeongnam,adversarial,POI010000008LX0SE,Gangwon,ASORT_SDASDC,27.0,0.0005334682756625853,0.0625158927531686
tabpfn_v3,Incheon,clean,POI01000000BNOPFM,Incheon,X_COORD,126.729675,0.43769314677712146,1.501311268725658e-05
tabpfn_v3,Incheon,clean,POI01000000BNOPFM,Incheon,Y_COORD,37.420574,0.56205448291945,1.501311268725658e-05
tabpfn_v3,Incheon,clean,POI01000000BNOPFM,Incheon,ASORT_LCLASDC,5.0,-1.5572857392953665e-05,1.501311268725658e-05
tabpfn_v3,Incheon,clean,POI01000000BNOPFM,Incheon,ASORT_MLSFCDC,2.0,2.8848294434169475e-05,1.501311268725658e-05
tabpfn_v3,Incheon,clean,POI01000000BNOPFM,Incheon,ASORT_SDASDC,3.0,-1.5290499717934836e-05,1.501311268725658e-05
tabpfn_v3,Incheon,clean,POI010000006FGRSG,Incheon,X_COORD,126.69623,0.4390102519580523,1.501311268725658e-05
tabpfn_v3,Incheon,clean,POI010000006FGRSG,Incheon,Y_COORD,37.39645,0.560023409213315,1.501311268725658e-05
tabpfn_v3,Incheon,clean,POI010000006FGRSG,Incheon,ASORT_LCLASDC,7.0,-6.3331367812224926e-06,1.501311268725658e-05
tabpfn_v3,Incheon,clean,POI010000006FGRSG,Incheon,ASORT_MLSFCDC,2.0,0.0007403405572148358,1.501311268725658e-05
tabpfn_v3,Incheon,clean,POI010000006FGRSG,Incheon,ASORT_SDASDC,1.0,0.00019425129798378293,1.501311268725658e-05
tabpfn_v3,Incheon,clean,POI01000000CBKXTT,Chungnam,X_COORD,126.63764,0.03674128163756052,1.501311268725658e-05
tabpfn_v3,Incheon,clean,POI01000000CBKXTT,Chungnam,Y_COORD,36.893112,-0.03674296571344371,1.501311268725658e-05
tabpfn_v3,Incheon,clean,POI01000000CBKXTT,Chungnam,ASORT_LCLASDC,8.0,-2.57447860008142e-06,1.501311268725658e-05
tabpfn_v3,Incheon,clean,POI01000000CBKXTT,Chungnam,ASORT_MLSFCDC,1.0,1.6196724175188137e-06,1.501311268725658e-05
tabpfn_v3,Incheon,clean,POI01000000CBKXTT,Chungnam,ASORT_SDASDC,2.0,6.074319998106148e-07,1.501311268725658e-05
tabpfn_v3,Incheon,clean,POI010000008NVGMO,Chungbuk,X_COORD,127.48771,-4.8117711060058355e-06,1.501385665392263e-05
tabpfn_v3,Incheon,clean,POI010000008NVGMO,Chungbuk,Y_COORD,36.671795,1.2635712209885241e-06,1.501385665392263e-05
tabpfn_v3,Incheon,clean,POI010000008NVGMO,Chungbuk,ASORT_LCLASDC,7.0,-1.086332504485199e-05,1.501385665392263e-05
tabpfn_v3,Incheon,clean,POI010000008NVGMO,Chungbuk,ASORT_MLSFCDC,3.0,8.108812238560859e-06,1.501385665392263e-05
tabpfn_v3,Incheon,clean,POI010000008NVGMO,Chungbuk,ASORT_SDASDC,13.0,4.270518658699984e-06,1.501385665392263e-05
tabpfn_v3,Incheon,adversarial,POI01000000BNOPFM,Incheon,X_COORD,126.729546,0.4374916133141369,1.501311268725658e-05
tabpfn_v3,Incheon,adversarial,POI01000000BNOPFM,Incheon,Y_COORD,37.4206,0.5615066452944433,1.501311268725658e-05
tabpfn_v3,Incheon,adversarial,POI01000000BNOPFM,Incheon,ASORT_LCLASDC,6.0,0.00013388025089966504,1.501311268725658e-05
tabpfn_v3,Incheon,adversarial,POI01000000BNOPFM,Incheon,ASORT_MLSFCDC,2.0,-0.00015697384226598388,1.501311268725658e-05
tabpfn_v3,Incheon,adversarial,POI01000000BNOPFM,Incheon,ASORT_SDASDC,3.0,-2.4557135333225233e-05,1.501311268725658e-05
tabpfn_v3,Incheon,adversarial,POI010000006FGRSG,Incheon,X_COORD,126.69635,0.4382766870527206,1.501385665392263e-05
tabpfn_v3,Incheon,adversarial,POI010000006FGRSG,Incheon,Y_COORD,37.396576,0.5534465444686134,1.501385665392263e-05
tabpfn_v3,Incheon,adversarial,POI010000006FGRSG,Incheon,ASORT_LCLASDC,6.0,0.0004205122234566261,1.501385665392263e-05
tabpfn_v3,Incheon,adversarial,POI010000006FGRSG,Incheon,ASORT_MLSFCDC,2.0,0.006296422041160099,1.501385665392263e-05
tabpfn_v3,Incheon,adversarial,POI010000006FGRSG,Incheon,ASORT_SDASDC,6.0,6.853251559846285e-05,1.501385665392263e-05
tabpfn_v3,Incheon,adversarial,POI01000000CBKXTT,Chungnam,X_COORD,126.63765,0.03545770204917176,1.501311268725658e-05
tabpfn_v3,Incheon,adversarial,POI01000000CBKXTT,Chungnam,Y_COORD,36.893353,-0.03545030105418334,1.501311268725658e-05
tabpfn_v3,Incheon,adversarial,POI01000000CBKXTT,Chungnam,ASORT_LCLASDC,4.0,9.20469429388504e-06,1.501311268725658e-05
tabpfn_v3,Incheon,adversarial,POI01000000CBKXTT,Chungnam,ASORT_MLSFCDC,1.0,2.6027068003031673e-06,1.501311268725658e-05
tabpfn_v3,Incheon,adversarial,POI01000000CBKXTT,Chungnam,ASORT_SDASDC,11.0,5.513113023880578e-07,1.501311268725658e-05
tabpfn_v3,Incheon,adversarial,POI010000008NVGMO,Chungbuk,X_COORD,127.48615,-7.110110544772397e-06,1.501385665392263e-05
tabpfn_v3,Incheon,adversarial,POI010000008NVGMO,Chungbuk,Y_COORD,36.671894,2.027233264811912e-06,1.501385665392263e-05
tabpfn_v3,Incheon,adversarial,POI010000008NVGMO,Chungbuk,ASORT_LCLASDC,6.0,-8.842295329714034e-06,1.501385665392263e-05
tabpfn_v3,Incheon,adversarial,POI010000008NVGMO,Chungbuk,ASORT_MLSFCDC,3.0,8.145381556801112e-06,1.501385665392263e-05
tabpfn_v3,Incheon,adversarial,POI010000008NVGMO,Chungbuk,ASORT_SDASDC,26.0,3.7475970202649478e-06,1.501385665392263e-05
tabpfn_v3,Jeju,clean,POI010000009BH0C9,Jeju,X_COORD,126.61488,0.007855659318025232,0.09376054646182297
tabpfn_v3,Jeju,clean,POI010000009BH0C9,Jeju,Y_COORD,33.466022,0.8969798460900194,0.09376054646182297
tabpfn_v3,Jeju,clean,POI010000009BH0C9,Jeju,ASORT_LCLASDC,2.0,-0.0003302142075511938,0.09376054646182297
tabpfn_v3,Jeju,clean,POI010000009BH0C9,Jeju,ASORT_MLSFCDC,1.0,9.130840368243298e-07,0.09376054646182297
tabpfn_v3,Jeju,clean,POI010000009BH0C9,Jeju,ASORT_SDASDC,2.0,0.0017200170225066813,0.09376054646182297
tabpfn_v3,Jeju,clean,POI010000007DZFD7,Jeju,X_COORD,126.56797,0.002054484047064875,0.09376054646182297
tabpfn_v3,Jeju,clean,POI010000007DZFD7,Jeju,Y_COORD,33.249146,0.9042437062703357,0.09376054646182297
tabpfn_v3,Jeju,clean,POI010000007DZFD7,Jeju,ASORT_LCLASDC,5.0,-7.241919659861651e-05,0.09376054646182297
tabpfn_v3,Jeju,clean,POI010000007DZFD7,Jeju,ASORT_MLSFCDC,2.0,6.114930215517234e-07,0.09376054646182297
tabpfn_v3,Jeju,clean,POI010000007DZFD7,Jeju,ASORT_SDASDC,3.0,7.711179250691202e-08,0.09376054646182297
tabpfn_v3,Jeju,clean,POI01000000CBK5X5,Chungnam,X_COORD,126.454445,1.5310947077296078e-05,0.09376054646182297
tabpfn_v3,Jeju,clean,POI01000000CBK5X5,Chungnam,Y_COORD,36.76986,-0.09376287574627895,0.09376054646182297
tabpfn_v3,Jeju,clean,POI01000000CBK5X5,Chungnam,ASORT_LCLASDC,8.0,-2.1814220474425383e-07,0.09376054646182297
tabpfn_v3,Jeju,clean,POI01000000CBK5X5,Chungnam,ASORT_MLSFCDC,1.0,-7.379105682048248e-08,0.09376054646182297
tabpfn_v3,Jeju,clean,POI01000000CBK5X5,Chungnam,ASORT_SDASDC,2.0,2.919332615647363e-07,0.09376054646182297
tabpfn_v3,Jeju,clean,POI010000008ME62C,Gangwon,X_COORD,129.1763,-0.0015769814578163732,0.09376054646182297
tabpfn_v3,Jeju,clean,POI010000008ME62C,Gangwon,Y_COORD,37.448345,-0.09217084210850146,0.09376054646182297
tabpfn_v3,Jeju,clean,POI010000008ME62C,Gangwon,ASORT_LCLASDC,4.0,-1.4278487014962593e-07,0.09376054646182297
tabpfn_v3,Jeju,clean,POI010000008ME62C,Gangwon,ASORT_MLSFCDC,2.0,-5.742859201518513e-07,0.09376054646182297
tabpfn_v3,Jeju,clean,POI010000008ME62C,Gangwon,ASORT_SDASDC,4.0,9.758379064805922e-07,0.09376054646182297
tabpfn_v3,Jeju,adversarial,POI010000009BH0C9,Jeju,X_COORD,126.610825,0.005355573570028582,0.09376054646182297
tabpfn_v3,Jeju,adversarial,POI010000009BH0C9,Jeju,Y_COORD,33.473053,0.896622786828857,0.09376054646182297
tabpfn_v3,Jeju,adversarial,POI010000009BH0C9,Jeju,ASORT_LCLASDC,6.0,0.0032732457562616446,0.09376054646182297
tabpfn_v3,Jeju,adversarial,POI010000009BH0C9,Jeju,ASORT_MLSFCDC,5.0,-1.4713501883534263e-06,0.09376054646182297
tabpfn_v3,Jeju,adversarial,POI010000009BH0C9,Jeju,ASORT_SDASDC,3.0,0.0009717949676542048,0.09376054646182297
tabpfn_v3,Jeju,adversarial,POI010000007DZFD7,Jeju,X_COORD,126.57268,0.0018155772476546872,0.09376054646182297
tabpfn_v3,Jeju,adversarial,POI010000007DZFD7,Jeju,Y_COORD,33.255737,0.9048529215214245,0.09376054646182297
tabpfn_v3,Jeju,adversarial,POI010000007DZFD7,Jeju,ASORT_LCLASDC,6.0,-0.0004424124973780863,0.09376054646182297
tabpfn_v3,Jeju,adversarial,POI010000007DZFD7,Jeju,ASORT_MLSFCDC,5.0,2.963000582667519e-07,0.09376054646182297
tabpfn_v3,Jeju,adversarial,POI010000007DZFD7,Jeju,ASORT_SDASDC,3.0,7.715385663686902e-08,0.09376054646182297
tabpfn_v3,Jeju,adversarial,POI01000000CBK5X5,Chungnam,X_COORD,126.45638,1.1440862522249517e-05,0.09376054646182297
tabpfn_v3,Jeju,adversarial,POI01000000CBK5X5,Chungnam,Y_COORD,36.776196,-0.093759395328874,0.09376054646182297
tabpfn_v3,Jeju,adversarial,POI01000000CBK5X5,Chungnam,ASORT_LCLASDC,7.0,6.735825195391953e-07,0.09376054646182297
tabpfn_v3,Jeju,adversarial,POI01000000CBK5X5,Chungnam,ASORT_MLSFCDC,3.0,2.0517933307928615e-07,0.09376054646182297
tabpfn_v3,Jeju,adversarial,POI01000000CBK5X5,Chungnam,ASORT_SDASDC,11.0,-4.890947025160131e-07,0.09376054646182297
tabpfn_v3,Jeju,adversarial,POI010000008ME62C,Gangwon,X_COORD,129.18471,-0.0015522778976446716,0.09376054646182297
tabpfn_v3,Jeju,adversarial,POI010000008ME62C,Gangwon,Y_COORD,37.44364,-0.09219538393193716,0.09376054646182297
tabpfn_v3,Jeju,adversarial,POI010000008ME62C,Gangwon,ASORT_LCLASDC,6.0,-4.526040982000268e-07,0.09376054646182297
tabpfn_v3,Jeju,adversarial,POI010000008ME62C,Gangwon,ASORT_MLSFCDC,2.0,4.725226858681708e-07,0.09376054646182297
tabpfn_v3,Jeju,adversarial,POI010000008ME62C,Gangwon,ASORT_SDASDC,3.0,7.711179250691202e-08,0.09376054646182297
tabpfn_v3,Jeonbuk,clean,POI010000008RUTFX,Jeonbuk,X_COORD,127.08895,0.203927222864408,0.06251140002075317
tabpfn_v3,Jeonbuk,clean,POI010000008RUTFX,Jeonbuk,Y_COORD,35.819813,0.7332365406247305,0.06251140002075317
tabpfn_v3,Jeonbuk,clean,POI010000008RUTFX,Jeonbuk,ASORT_LCLASDC,7.0,0.00023257653457164906,0.06251140002075317
tabpfn_v3,Jeonbuk,clean,POI010000008RUTFX,Jeonbuk,ASORT_MLSFCDC,3.0,1.9700837441405383e-06,0.06251140002075317
tabpfn_v3,Jeonbuk,clean,POI010000008RUTFX,Jeonbuk,ASORT_SDASDC,3.0,7.729605923145755e-05,0.06251140002075317
tabpfn_v3,Jeonbuk,clean,POI010000007CVB5Q,Jeonbuk,X_COORD,127.11035,0.20457087437129928,0.06251140002075317
tabpfn_v3,Jeonbuk,clean,POI010000007CVB5Q,Jeonbuk,Y_COORD,35.840496,0.7328097027233014,0.06251140002075317
tabpfn_v3,Jeonbuk,clean,POI010000007CVB5Q,Jeonbuk,ASORT_LCLASDC,5.0,9.259766765978839e-05,0.06251140002075317
tabpfn_v3,Jeonbuk,clean,POI010000007CVB5Q,Jeonbuk,ASORT_MLSFCDC,2.0,2.2505092687197248e-06,0.06251140002075317
tabpfn_v3,Jeonbuk,clean,POI010000007CVB5Q,Jeonbuk,ASORT_SDASDC,3.0,1.8089515663177735e-07,0.06251140002075317
tabpfn_v3,Jeonbuk,clean,POI01000000CB70OE,Jeonnam,X_COORD,126.71689,0.031145773029223278,0.06251140002075317
tabpfn_v3,Jeonbuk,clean,POI01000000CB70OE,Jeonnam,Y_COORD,34.993862,-0.093644178217545,0.06251140002075317
tabpfn_v3,Jeonbuk,clean,POI01000000CB70OE,Jeonnam,ASORT_LCLASDC,8.0,-9.362906325804943e-07,0.06251140002075317
tabpfn_v3,Jeonbuk,clean,POI01000000CB70OE,Jeonnam,ASORT_MLSFCDC,1.0,1.3608066069537017e-06,0.06251140002075317
tabpfn_v3,Jeonbuk,clean,POI01000000CB70OE,Jeonnam,ASORT_SDASDC,2.0,-4.376857845045379e-07,0.06251140002075317
tabpfn_v3,Jeonbuk,clean,POI010000008MYBVU,Gangwon,X_COORD,127.30876,0.03126224834490188,0.06251140002075317
tabpfn_v3,Jeonbuk,clean,POI010000008MYBVU,Gangwon,Y_COORD,38.144543,-0.09376036856876624,0.06251140002075317
tabpfn_v3,Jeonbuk,clean,POI010000008MYBVU,Gangwon,ASORT_LCLASDC,4.0,-1.4221244271084288e-07,0.06251140002075317
tabpfn_v3,Jeonbuk,clean,POI010000008MYBVU,Gangwon,ASORT_MLSFCDC,2.0,4.51265123047051e-07,0.06251140002075317
tabpfn_v3,Jeonbuk,clean,POI010000008MYBVU,Gangwon,ASORT_SDASDC,1.0,-3.063124580648946e-07,0.06251140002075317
tabpfn_v3,Jeonbuk,adversarial,POI010000008RUTFX,Jeonbuk,X_COORD,127.09154,0.20425046523072865,0.0625114001950351
tabpfn_v3,Jeonbuk,adversarial,POI010000008RUTFX,Jeonbuk,Y_COORD,35.828606,0.7330517540535055,0.0625114001950351
tabpfn_v3,Jeonbuk,adversarial,POI010000008RUTFX,Jeonbuk,ASORT_LCLASDC,6.0,-0.00013806271731198194,0.0625114001950351
tabpfn_v3,Jeonbuk,adversarial,POI010000008RUTFX,Jeonbuk,ASORT_MLSFCDC,3.0,1.512743850184961e-06,0.0625114001950351
tabpfn_v3,Jeonbuk,adversarial,POI010000008RUTFX,Jeonbuk,ASORT_SDASDC,26.0,0.00030993668163148413,0.0625114001950351
tabpfn_v3,Jeonbuk,adversarial,POI010000007CVB5Q,Jeonbuk,X_COORD,127.10936,0.20384644569490717,0.06251140002075317
tabpfn_v3,Jeonbuk,adversarial,POI010000007CVB5Q,Jeonbuk,Y_COORD,35.84824,0.733332138324343,0.06251140002075317
tabpfn_v3,Jeonbuk,adversarial,POI010000007CVB5Q,Jeonbuk,ASORT_LCLASDC,7.0,0.0002941066861552599,0.06251140002075317
tabpfn_v3,Jeonbuk,adversarial,POI010000007CVB5Q,Jeonbuk,ASORT_MLSFCDC,4.0,1.816282065192354e-06,0.06251140002075317
tabpfn_v3,Jeonbuk,adversarial,POI010000007CVB5Q,Jeonbuk,ASORT_SDASDC,3.0,8.590025402099855e-08,0.06251140002075317
tabpfn_v3,Jeonbuk,adversarial,POI01000000CB70OE,Jeonnam,X_COORD,126.71697,0.03118198335572231,0.06251140002075317
tabpfn_v3,Jeonbuk,adversarial,POI01000000CB70OE,Jeonnam,Y_COORD,34.993607,-0.09368036915910238,0.06251140002075317
tabpfn_v3,Jeonbuk,adversarial,POI01000000CB70OE,Jeonnam,ASORT_LCLASDC,4.0,-1.734469918801551e-07,0.06251140002075317
tabpfn_v3,Jeonbuk,adversarial,POI01000000CB70OE,Jeonnam,ASORT_MLSFCDC,1.0,5.915817808954671e-07,0.06251140002075317
tabpfn_v3,Jeonbuk,adversarial,POI01000000CB70OE,Jeonnam,ASORT_SDASDC,5.0,-4.372472091063173e-07,0.06251140002075317
tabpfn_v3,Jeonbuk,adversarial,POI010000008MYBVU,Gangwon,X_COORD,127.30337,0.03130049625345066,0.0625114001950351
tabpfn_v3,Jeonbuk,adversarial,POI010000008MYBVU,Gangwon,Y_COORD,38.140213,-0.09379488243149581,0.0625114001950351
tabpfn_v3,Jeonbuk,adversarial,POI010000008MYBVU,Gangwon,ASORT_LCLASDC,6.0,-1.4592038155569753e-07,0.0625114001950351
tabpfn_v3,Jeonbuk,adversarial,POI010000008MYBVU,Gangwon,ASORT_MLSFCDC,3.0,1.6124272548267982e-06,0.0625114001950351
tabpfn_v3,Jeonbuk,adversarial,POI010000008MYBVU,Gangwon,ASORT_SDASDC,26.0,2.2936065988687915e-06,0.0625114001950351
tabpfn_v3,Jeonnam,clean,POI010000009FBAIN,Jeonnam,X_COORD,127.52066,0.2965936542503016,0.03126252377396099
tabpfn_v3,Jeonnam,clean,POI010000009FBAIN,Jeonnam,Y_COORD,34.964546,0.6724467950633937,0.03126252377396099
tabpfn_v3,Jeonnam,clean,POI010000009FBAIN,Jeonnam,ASORT_LCLASDC,2.0,-0.0023016272747895528,0.03126252377396099
tabpfn_v3,Jeonnam,clean,POI010000009FBAIN,Jeonnam,ASORT_MLSFCDC,2.0,1.4438019775298017e-06,0.03126252377396099
tabpfn_v3,Jeonnam,clean,POI010000009FBAIN,Jeonnam,ASORT_SDASDC,1.0,0.0019842165725947325,0.03126252377396099
tabpfn_v3,Jeonnam,clean,POI010000007CD3RM,Jeonnam,X_COORD,127.5239,0.2943639447893105,0.03126252377396099
tabpfn_v3,Jeonnam,clean,POI010000007CD3RM,Jeonnam,Y_COORD,34.946587,0.6743357659049849,0.03126252377396099
tabpfn_v3,Jeonnam,clean,POI010000007CD3RM,Jeonnam,ASORT_LCLASDC,5.0,1.5652879824301635e-05,0.03126252377396099
tabpfn_v3,Jeonnam,clean,POI010000007CD3RM,Jeonnam,ASORT_MLSFCDC,2.0,1.4438019775298017e-06,0.03126252377396099
tabpfn_v3,Jeonnam,clean,POI010000007CD3RM,Jeonnam,ASORT_SDASDC,3.0,7.675037380749927e-06,0.03126252377396099
tabpfn_v3,Jeonnam,clean,POI01000000CB470U,Gwangju,X_COORD,126.8984,-0.26759783522487623,0.03126252377396099
tabpfn_v3,Jeonnam,clean,POI01000000CB470U,Gwangju,Y_COORD,35.177937,0.23786557694825206,0.03126252377396099
tabpfn_v3,Jeonnam,clean,POI01000000CB470U,Gwangju,ASORT_LCLASDC,8.0,-3.8560541398169335e-05,0.03126252377396099
tabpfn_v3,Jeonnam,clean,POI01000000CB470U,Gwangju,ASORT_MLSFCDC,1.0,0.0007803444274969706,0.03126252377396099
tabpfn_v3,Jeonnam,clean,POI01000000CB470U,Gwangju,ASORT_SDASDC,3.0,-0.0022589274903737078,0.03126252377396099
tabpfn_v3,Jeonnam,clean,POI010000008M5QG1,Gangwon,X_COORD,127.99021,-0.014715631570354049,0.03126252377396099
tabpfn_v3,Jeonnam,clean,POI010000008M5QG1,Gangwon,Y_COORD,37.493797,-0.01653336719634524,0.03126252377396099
tabpfn_v3,Jeonnam,clean,POI010000008M5QG1,Gangwon,ASORT_LCLASDC,4.0,-8.004078608792042e-07,0.03126252377396099
tabpfn_v3,Jeonnam,clean,POI010000008M5QG1,Gangwon,ASORT_MLSFCDC,2.0,5.277921246715778e-07,0.03126252377396099
tabpfn_v3,Jeonnam,clean,POI010000008M5QG1,Gangwon,ASORT_SDASDC,1.0,2.8594824641459127e-07,0.03126252377396099
tabpfn_v3,Jeonnam,adversarial,POI010000009FBAIN,Jeonnam,X_COORD,127.52104,0.2923602886741179,0.03126252395892948
tabpfn_v3,Jeonnam,adversarial,POI010000009FBAIN,Jeonnam,Y_COORD,34.97239,0.6778084023751063,0.03126252395892948
tabpfn_v3,Jeonnam,adversarial,POI010000009FBAIN,Jeonnam,ASORT_LCLASDC,1.0,-0.002388603428229885,0.03126252395892948
tabpfn_v3,Jeonnam,adversarial,POI010000009FBAIN,Jeonnam,ASORT_MLSFCDC,5.0,1.7330945496496497e-06,0.03126252395892948
tabpfn_v3,Jeonnam,adversarial,POI010000009FBAIN,Jeonnam,ASORT_SDASDC,1.0,0.0009409925829118038,0.03126252395892948
tabpfn_v3,Jeonnam,adversarial,POI010000007CD3RM,Jeonnam,X_COORD,127.52885,0.2954017054984064,0.03126252395892948
tabpfn_v3,Jeonnam,adversarial,POI010000007CD3RM,Jeonnam,Y_COORD,34.954525,0.6788230725500028,0.03126252395892948
tabpfn_v3,Jeonnam,adversarial,POI010000007CD3RM,Jeonnam,ASORT_LCLASDC,1.0,-0.005502247528099247,0.03126252395892948
tabpfn_v3,Jeonnam,adversarial,POI010000007CD3RM,Jeonnam,ASORT_MLSFCDC,5.0,1.4043376808103858e-06,0.03126252395892948
tabpfn_v3,Jeonnam,adversarial,POI010000007CD3RM,Jeonnam,ASORT_SDASDC,1.0,1.8974265003635082e-07,0.03126252395892948
tabpfn_v3,Jeonnam,adversarial,POI01000000CB470U,Gwangju,X_COORD,126.89831,-0.26567367197264957,0.03126252395892948
tabpfn_v3,Jeonnam,adversarial,POI01000000CB470U,Gwangju,Y_COORD,35.177788,0.23611130031025596,0.03126252395892948
tabpfn_v3,Jeonnam,adversarial,POI01000000CB470U,Gwangju,ASORT_LCLASDC,6.0,2.7284364861657195e-05,0.03126252395892948
tabpfn_v3,Jeonnam,adversarial,POI01000000CB470U,Gwangju,ASORT_MLSFCDC,3.0,-0.0015733447894064057,0.03126252395892948
tabpfn_v3,Jeonnam,adversarial,POI01000000CB470U,Gwangju,ASORT_SDASDC,26.0,2.4410418518527877e-05,0.03126252395892948
tabpfn_v3,Jeonnam,adversarial,POI010000008M5QG1,Gangwon,X_COORD,127.98316,-0.014659770702351693,0.03126252377396099
tabpfn_v3,Jeonnam,adversarial,POI010000008M5QG1,Gangwon,Y_COORD,37.490154,-0.0165894653939489,0.03126252377396099
tabpfn_v3,Jeonnam,adversarial,POI010000008M5QG1,Gangwon,ASORT_LCLASDC,5.0,-7.409855555806644e-06,0.03126252377396099
tabpfn_v3,Jeonnam,adversarial,POI010000008M5QG1,Gangwon,ASORT_MLSFCDC,2.0,1.1887588726722242e-06,0.03126252377396099
tabpfn_v3,Jeonnam,adversarial,POI010000008M5QG1,Gangwon,ASORT_SDASDC,3.0,6.427524610330693e-06,0.03126252377396099
tabpfn_v3,Sejong,clean,POI010000006QHS67,Sejong,X_COORD,127.16924,0.5154435929669177,0.03126225581641506
tabpfn_v3,Sejong,clean,POI010000006QHS67,Sejong,Y_COORD,36.731453,0.429188638340122,0.03126225581641506
tabpfn_v3,Sejong,clean,POI010000006QHS67,Sejong,ASORT_LCLASDC,7.0,-0.0034377174971780278,0.03126225581641506
tabpfn_v3,Sejong,clean,POI010000006QHS67,Sejong,ASORT_MLSFCDC,2.0,0.0028310966254139203,0.03126225581641506
tabpfn_v3,Sejong,clean,POI010000006QHS67,Sejong,ASORT_SDASDC,5.0,0.023475277764575253,0.03126225581641506
tabpfn_v3,Sejong,clean,POI01000000BCXFXS,Sejong,X_COORD,127.20391,0.530273210179061,0.03126225589886644
tabpfn_v3,Sejong,clean,POI01000000BCXFXS,Sejong,Y_COORD,36.681435,0.4578349693823611,0.03126225589886644
tabpfn_v3,Sejong,clean,POI01000000BCXFXS,Sejong,ASORT_LCLASDC,7.0,-0.01951494707135737,0.03126225589886644
tabpfn_v3,Sejong,clean,POI01000000BCXFXS,Sejong,ASORT_MLSFCDC,3.0,8.917010526943159e-05,0.03126225589886644
tabpfn_v3,Sejong,clean,POI01000000BCXFXS,Sejong,ASORT_SDASDC,7.0,6.3464877939622966e-06,0.03126225589886644
tabpfn_v3,Sejong,clean,POI010000008BKEDQ,Daejeon,X_COORD,127.43559,-0.01560111465362013,0.03126225581641506
tabpfn_v3,Sejong,clean,POI010000008BKEDQ,Daejeon,Y_COORD,36.349068,-0.01565511512843898,0.03126225581641506
tabpfn_v3,Sejong,clean,POI010000008BKEDQ,Daejeon,ASORT_LCLASDC,7.0,0.0001460882195232216,0.03126225581641506
tabpfn_v3,Sejong,clean,POI010000008BKEDQ,Daejeon,ASORT_MLSFCDC,3.0,-0.0001371293800929152,0.03126225581641506
tabpfn_v3,Sejong,clean,POI010000008BKEDQ,Daejeon,ASORT_SDASDC,2.0,-2.0032111649470608e-06,0.03126225581641506
tabpfn_v3,Sejong,clean,POI01000000EG8NBW,Jeju,X_COORD,126.273315,-0.015830200769045177,0.03126225581641506
tabpfn_v3,Sejong,clean,POI01000000EG8NBW,Jeju,Y_COORD,33.371723,-0.015699355192779763,0.03126225581641506
tabpfn_v3,Sejong,clean,POI01000000EG8NBW,Jeju,ASORT_LCLASDC,7.0,0.0002781435986634051,0.03126225581641506
tabpfn_v3,Sejong,clean,POI01000000EG8NBW,Jeju,ASORT_MLSFCDC,1.0,1.3738252135908624e-06,0.03126225581641506
tabpfn_v3,Sejong,clean,POI01000000EG8NBW,Jeju,ASORT_SDASDC,1.0,7.643841541948859e-07,0.03126225581641506
tabpfn_v3,Sejong,adversarial,POI010000006QHS67,Sejong,X_COORD,127.169136,0.4984406290911778,0.03126225581641506
tabpfn_v3,Sejong,adversarial,POI010000006QHS67,Sejong,Y_COORD,36.731678,0.4243171388956313,0.03126225581641506
tabpfn_v3,Sejong,adversarial,POI010000006QHS67,Sejong,ASORT_LCLASDC,5.0,0.007253146831274648,0.03126225581641506
tabpfn_v3,Sejong,adversarial,POI010000006QHS67,Sejong,ASORT_MLSFCDC,2.0,0.0021559846163654584,0.03126225581641506
tabpfn_v3,Sejong,adversarial,POI010000006QHS67,Sejong,ASORT_SDASDC,12.0,0.012852785686177981,0.03126225581641506
tabpfn_v3,Sejong,adversarial,POI01000000BCXFXS,Sejong,X_COORD,127.203896,0.5129982729879714,0.03126225589886644
tabpfn_v3,Sejong,adversarial,POI01000000BCXFXS,Sejong,Y_COORD,36.681362,0.45820882009751074,0.03126225589886644
tabpfn_v3,Sejong,adversarial,POI01000000BCXFXS,Sejong,ASORT_LCLASDC,6.0,-0.002959178465332002,0.03126225589886644
tabpfn_v3,Sejong,adversarial,POI01000000BCXFXS,Sejong,ASORT_MLSFCDC,3.0,0.0001139423544316287,0.03126225589886644
tabpfn_v3,Sejong,adversarial,POI01000000BCXFXS,Sejong,ASORT_SDASDC,26.0,2.4219722376983555e-05,0.03126225589886644
tabpfn_v3,Sejong,adversarial,POI010000008BKEDQ,Daejeon,X_COORD,127.43579,-0.012322166588532468,0.03126225589886644
tabpfn_v3,Sejong,adversarial,POI010000008BKEDQ,Daejeon,Y_COORD,36.34909,-0.018930717379262774,0.03126225589886644
tabpfn_v3,Sejong,adversarial,POI010000008BKEDQ,Daejeon,ASORT_LCLASDC,6.0,4.0809397745533715e-06,0.03126225589886644
tabpfn_v3,Sejong,adversarial,POI010000008BKEDQ,Daejeon,ASORT_MLSFCDC,3.0,-7.929678716322996e-06,0.03126225589886644
tabpfn_v3,Sejong,adversarial,POI010000008BKEDQ,Daejeon,ASORT_SDASDC,26.0,7.458470491883418e-06,0.03126225589886644
tabpfn_v3,Sejong,adversarial,POI01000000EG8NBW,Jeju,X_COORD,126.27517,-0.016262170687198818,0.03126225589886644
tabpfn_v3,Sejong,adversarial,POI01000000EG8NBW,Jeju,Y_COORD,33.37894,-0.014993937837502358,0.03126225589886644
tabpfn_v3,Sejong,adversarial,POI01000000EG8NBW,Jeju,ASORT_LCLASDC,1.0,6.075355685197792e-07,0.03126225589886644
tabpfn_v3,Sejong,adversarial,POI01000000EG8NBW,Jeju,ASORT_MLSFCDC,5.0,7.508910627507248e-06,0.03126225589886644
tabpfn_v3,Sejong,adversarial,POI01000000EG8NBW,Jeju,ASORT_SDASDC,2.0,-1.282157739979084e-06,0.03126225589886644
tabpfn_v3,Seoul,clean,POI01000000BKOBG6,Seoul,X_COORD,127.102905,0.37503105863152086,0.06248146832871271
tabpfn_v3,Seoul,clean,POI01000000BKOBG6,Seoul,Y_COORD,37.499382,0.5625339905062106,0.06248146832871271
tabpfn_v3,Seoul,clean,POI01000000BKOBG6,Seoul,ASORT_LCLASDC,5.0,-0.00010607936346218594,0.06248146832871271
tabpfn_v3,Seoul,clean,POI01000000BKOBG6,Seoul,ASORT_MLSFCDC,2.0,-1.8134913730705193e-05,0.06248146832871271
tabpfn_v3,Seoul,clean,POI01000000BKOBG6,Seoul,ASORT_SDASDC,3.0,1.4158259418195485e-05,0.06248146832871271
tabpfn_v3,Seoul,clean,POI010000006LRFOH,Seoul,X_COORD,127.04138,0.44511358586787253,0.06248146832871271
tabpfn_v3,Seoul,clean,POI010000006LRFOH,Seoul,Y_COORD,37.67981,0.4535073192965058,0.06248146832871271
tabpfn_v3,Seoul,clean,POI010000006LRFOH,Seoul,ASORT_LCLASDC,2.0,0.000883245032852642,0.06248146832871271
tabpfn_v3,Seoul,clean,POI010000006LRFOH,Seoul,ASORT_MLSFCDC,1.0,0.0045247094144400535,0.06248146832871271
tabpfn_v3,Seoul,clean,POI010000006LRFOH,Seoul,ASORT_SDASDC,2.0,0.013881174439987376,0.06248146832871271
tabpfn_v3,Seoul,clean,POI01000000CBKXTT,Chungnam,X_COORD,126.63764,-0.031199171896957978,0.06248146832871271
tabpfn_v3,Seoul,clean,POI01000000CBKXTT,Chungnam,Y_COORD,36.893112,-0.031262708050917354,0.06248146832871271
tabpfn_v3,Seoul,clean,POI01000000CBKXTT,Chungnam,ASORT_LCLASDC,8.0,2.4637900253310363e-07,0.06248146832871271
tabpfn_v3,Seoul,clean,POI01000000CBKXTT,Chungnam,ASORT_MLSFCDC,1.0,1.9484431561522797e-06,0.06248146832871271
tabpfn_v3,Seoul,clean,POI01000000CBKXTT,Chungnam,ASORT_SDASDC,2.0,-8.801540374747674e-06,0.06248146832871271
tabpfn_v3,Seoul,clean,POI010000008MO8I4,Gangwon,X_COORD,127.960175,-0.031222293794741063,0.06248147205400301
tabpfn_v3,Seoul,clean,POI010000008MO8I4,Gangwon,Y_COORD,37.32676,-0.03123461653174786,0.06248147205400301
tabpfn_v3,Seoul,clean,POI010000008MO8I4,Gangwon,ASORT_LCLASDC,7.0,5.7131363050189066e-05,0.06248147205400301
tabpfn_v3,Seoul,clean,POI010000008MO8I4,Gangwon,ASORT_MLSFCDC,3.0,-3.3575556699361186e-06,0.06248147205400301
tabpfn_v3,Seoul,clean,POI010000008MO8I4,Gangwon,ASORT_SDASDC,6.0,-6.535387227302181e-05,0.06248147205400301
tabpfn_v3,Seoul,adversarial,POI01000000BKOBG6,Seoul,X_COORD,127.10611,0.3750413642220565,0.06248146832871271
tabpfn_v3,Seoul,adversarial,POI01000000BKOBG6,Seoul,Y_COORD,37.499012,0.5624847874939576,0.06248146832871271
tabpfn_v3,Seoul,adversarial,POI01000000BKOBG6,Seoul,ASORT_LCLASDC,3.0,-0.00011314498779313453,0.06248146832871271
tabpfn_v3,Seoul,adversarial,POI01000000BKOBG6,Seoul,ASORT_MLSFCDC,2.0,-8.819086043843072e-05,0.06248146832871271
tabpfn_v3,Seoul,adversarial,POI01000000BKOBG6,Seoul,ASORT_SDASDC,4.0,-7.390905153670246e-05,0.06248146832871271
tabpfn_v3,Seoul,adversarial,POI010000006LRFOH,Seoul,X_COORD,127.041664,0.4435570636165522,0.06248146832871271
tabpfn_v3,Seoul,adversarial,POI010000006LRFOH,Seoul,Y_COORD,37.680714,0.41968147778480613,0.06248146832871271
tabpfn_v3,Seoul,adversarial,POI010000006LRFOH,Seoul,ASORT_LCLASDC,2.0,0.00044812867362509223,0.06248146832871271
tabpfn_v3,Seoul,adversarial,POI010000006LRFOH,Seoul,ASORT_MLSFCDC,1.0,0.0018344714676317153,0.06248146832871271
tabpfn_v3,Seoul,adversarial,POI010000006LRFOH,Seoul,ASORT_SDASDC,3.0,-0.020742609165608883,0.06248146832871271
tabpfn_v3,Seoul,adversarial,POI01000000CBKXTT,Chungnam,X_COORD,126.63765,-0.031183564784484474,0.06248146832871271
tabpfn_v3,Seoul,adversarial,POI01000000CBKXTT,Chungnam,Y_COORD,36.893353,-0.031247225614890795,0.06248146832871271
tabpfn_v3,Seoul,adversarial,POI01000000CBKXTT,Chungnam,ASORT_LCLASDC,4.0,-5.1943344729465935e-05,0.06248146832871271
tabpfn_v3,Seoul,adversarial,POI01000000CBKXTT,Chungnam,ASORT_MLSFCDC,1.0,4.658044332472855e-07,0.06248146832871271
tabpfn_v3,Seoul,adversarial,POI01000000CBKXTT,Chungnam,ASORT_SDASDC,11.0,1.3781273580093512e-05,0.06248146832871271
tabpfn_v3,Seoul,adversarial,POI010000008MO8I4,Gangwon,X_COORD,127.96036,-0.03122861161865842,0.06248147205400301
tabpfn_v3,Seoul,adversarial,POI010000008MO8I4,Gangwon,Y_COORD,37.32667,-0.031200678931824655,0.06248147205400301
tabpfn_v3,Seoul,adversarial,POI010000008MO8I4,Gangwon,ASORT_LCLASDC,6.0,3.4755981843659356e-05,0.06248147205400301
tabpfn_v3,Seoul,adversarial,POI010000008MO8I4,Gangwon,ASORT_MLSFCDC,3.0,5.252481656725649e-06,0.06248147205400301
tabpfn_v3,Seoul,adversarial,POI010000008MO8I4,Gangwon,ASORT_SDASDC,27.0,-7.920830439900328e-05,0.06248147205400301
tabpfn_v3,Ulsan,clean,POI01000000BO2GCP,Ulsan,X_COORD,129.3129,0.4810230791302246,1.6036835063459876e-05
tabpfn_v3,Ulsan,clean,POI01000000BO2GCP,Ulsan,Y_COORD,35.527378,0.5185559771361739,1.6036835063459876e-05
tabpfn_v3,Ulsan,clean,POI01000000BO2GCP,Ulsan,ASORT_LCLASDC,5.0,-0.005833506438534641,1.6036835063459876e-05
tabpfn_v3,Ulsan,clean,POI01000000BO2GCP,Ulsan,ASORT_MLSFCDC,2.0,1.851889629733705e-05,1.6036835063459876e-05
tabpfn_v3,Ulsan,clean,POI01000000BO2GCP,Ulsan,ASORT_SDASDC,3.0,0.006206900628214385,1.6036835063459876e-05
tabpfn_v3,Ulsan,clean,POI010000007AS4R0,Ulsan,X_COORD,129.35875,0.5031883620773527,1.6036835063459876e-05
tabpfn_v3,Ulsan,clean,POI010000007AS4R0,Ulsan,Y_COORD,35.627502,0.5085121600822475,1.6036835063459876e-05
tabpfn_v3,Ulsan,clean,POI010000007AS4R0,Ulsan,ASORT_LCLASDC,5.0,-0.011771546299911506,1.6036835063459876e-05
tabpfn_v3,Ulsan,clean,POI010000007AS4R0,Ulsan,ASORT_MLSFCDC,2.0,2.341113378179216e-05,1.6036835063459876e-05
tabpfn_v3,Ulsan,clean,POI010000007AS4R0,Ulsan,ASORT_SDASDC,3.0,1.631738240348568e-05,1.6036835063459876e-05
tabpfn_v3,Ulsan,clean,POI01000000CBQ6N2,Chungnam,X_COORD,127.13872,-3.8339158123790185e-06,1.6036835063459876e-05
tabpfn_v3,Ulsan,clean,POI01000000CBQ6N2,Chungnam,Y_COORD,36.81674,2.7118855427943345e-07,1.6036835063459876e-05
tabpfn_v3,Ulsan,clean,POI01000000CBQ6N2,Chungnam,ASORT_LCLASDC,8.0,1.4270238466451701e-06,1.6036835063459876e-05
tabpfn_v3,Ulsan,clean,POI01000000CBQ6N2,Chungnam,ASORT_MLSFCDC,1.0,-1.5932951527020123e-06,1.6036835063459876e-05
tabpfn_v3,Ulsan,clean,POI01000000CBQ6N2,Chungnam,ASORT_SDASDC,3.0,6.738261220107233e-07,1.6036835063459876e-05
tabpfn_v3,Ulsan,clean,POI010000008NUZP9,Chungbuk,X_COORD,127.49618,3.7856888326359694e-06,1.6036835063459876e-05
tabpfn_v3,Ulsan,clean,POI010000008NUZP9,Chungbuk,Y_COORD,36.62312,-7.3484160907355545e-06,1.6036835063459876e-05
tabpfn_v3,Ulsan,clean,POI010000008NUZP9,Chungbuk,ASORT_LCLASDC,8.0,-4.1988762689015857e-07,1.6036835063459876e-05
tabpfn_v3,Ulsan,clean,POI010000008NUZP9,Chungbuk,ASORT_MLSFCDC,1.0,3.3357906659148284e-07,1.6036835063459876e-05
tabpfn_v3,Ulsan,clean,POI010000008NUZP9,Chungbuk,ASORT_SDASDC,3.0,5.938633762525569e-07,1.6036835063459876e-05
tabpfn_v3,Ulsan,adversarial,POI01000000BO2GCP,Ulsan,X_COORD,129.30733,0.4562284564222665,1.602898930741503e-05
tabpfn_v3,Ulsan,adversarial,POI01000000BO2GCP,Ulsan,Y_COORD,35.535183,0.5423859087121912,1.602898930741503e-05
tabpfn_v3,Ulsan,adversarial,POI01000000BO2GCP,Ulsan,ASORT_LCLASDC,6.0,0.0006723359529132722,1.602898930741503e-05
tabpfn_v3,Ulsan,adversarial,POI01000000BO2GCP,Ulsan,ASORT_MLSFCDC,5.0,1.238117577884168e-05,1.602898930741503e-05
tabpfn_v3,Ulsan,adversarial,POI01000000BO2GCP,Ulsan,ASORT_SDASDC,3.0,0.0006668285401758567,1.602898930741503e-05
tabpfn_v3,Ulsan,adversarial,POI010000007AS4R0,Ulsan,X_COORD,129.35686,0.49294773184411156,1.602898930741503e-05
tabpfn_v3,Ulsan,adversarial,POI010000007AS4R0,Ulsan,Y_COORD,35.633366,0.5242453828272033,1.602898930741503e-05
tabpfn_v3,Ulsan,adversarial,POI010000007AS4R0,Ulsan,ASORT_LCLASDC,7.0,-0.017341969554280467,1.602898930741503e-05
tabpfn_v3,Ulsan,adversarial,POI010000007AS4R0,Ulsan,ASORT_MLSFCDC,3.0,8.969856317264657e-05,1.602898930741503e-05
tabpfn_v3,Ulsan,adversarial,POI010000007AS4R0,Ulsan,ASORT_SDASDC,8.0,3.4306370650938334e-06,1.602898930741503e-05
tabpfn_v3,Ulsan,adversarial,POI01000000CBQ6N2,Chungnam,X_COORD,127.13852,-6.082445835886574e-06,1.6036835063459876e-05
tabpfn_v3,Ulsan,adversarial,POI01000000CBQ6N2,Chungnam,Y_COORD,36.816956,7.549534331019458e-07,1.6036835063459876e-05
tabpfn_v3,Ulsan,adversarial,POI01000000CBQ6N2,Chungnam,ASORT_LCLASDC,4.0,4.427046818022973e-06,1.6036835063459876e-05
tabpfn_v3,Ulsan,adversarial,POI01000000CBQ6N2,Chungnam,ASORT_MLSFCDC,1.0,-3.2225163693055947e-07,1.6036835063459876e-05
tabpfn_v3,Ulsan,adversarial,POI01000000CBQ6N2,Chungnam,ASORT_SDASDC,11.0,-1.8324752204534889e-06,1.6036835063459876e-05
tabpfn_v3,Ulsan,adversarial,POI010000008NUZP9,Chungbuk,X_COORD,127.49308,1.2562337587951333e-06,1.602898930741503e-05
tabpfn_v3,Ulsan,adversarial,POI010000008NUZP9,Chungbuk,Y_COORD,36.62217,-1.6749456648312844e-05,1.602898930741503e-05
tabpfn_v3,Ulsan,adversarial,POI010000008NUZP9,Chungbuk,ASORT_LCLASDC,6.0,-3.365831526025431e-05,1.602898930741503e-05
tabpfn_v3,Ulsan,adversarial,POI010000008NUZP9,Chungbuk,ASORT_MLSFCDC,3.0,3.317141933223411e-05,1.602898930741503e-05
tabpfn_v3,Ulsan,adversarial,POI010000008NUZP9,Chungbuk,ASORT_SDASDC,26.0,1.2932792131437054e-05,1.602898930741503e-05
