model,seed,region,condition,precision,recall,f1,accuracy,roc_auc,average_precision,tn,fp,fn,tp
decision_tree,42,Busan,clean,0.9950738916256158,1.0,0.9975308641975308,0.9997058823529412,1.0,1.0,3197,1,0,202
decision_tree,42,Chungbuk,clean,0.961352657004831,0.9900497512437813,0.9754901960784312,0.9970588235294118,0.9948366949248756,0.9852960498317804,3191,8,2,199
decision_tree,42,Chungnam,clean,0.9804878048780488,1.0,0.9901477832512317,0.9988235294117648,0.9998421459442396,0.995000611480743,3195,4,0,201
decision_tree,42,Daegu,clean,0.9803921568627452,0.9950248756218906,0.9876543209876544,0.998529411764706,0.9973468076933246,0.9902218143323058,3195,4,1,200
decision_tree,42,Daejeon,clean,0.9950248756218906,0.9950248756218906,0.9950248756218906,0.9994117647058824,0.9975116602047592,0.9953189932689492,3198,1,1,200
decision_tree,42,Gangwon,clean,1.0,0.9950248756218906,0.9975062344139652,0.9997058823529412,0.9975124378109452,0.9953189932689492,3199,0,1,200
decision_tree,42,Gwangju,clean,1.0,0.9900497512437813,0.995,0.9994117647058824,0.9950248756218906,0.9906379865378988,3199,0,2,199
decision_tree,42,Gyeongbuk,clean,0.9611650485436892,0.9850746268656716,0.972972972972973,0.9967647058823528,0.9923351358244724,0.9803313907168696,3191,8,3,198
decision_tree,42,Gyeonggi,clean,0.9473684210526316,0.9850746268656716,0.9658536585365852,0.9958823529411764,0.9920170948943932,0.9704203638409552,3188,11,3,198
decision_tree,42,Gyeongnam,clean,0.975609756097561,0.9950248756218906,0.9852216748768472,0.9982352941176472,0.997496885687225,0.995048888477114,3194,5,1,200
decision_tree,42,Incheon,clean,0.9757281553398058,1.0,0.9877149877149876,0.998529411764706,0.9995225498017882,0.9850295901716242,3194,5,0,201
decision_tree,42,Jeju,clean,1.0,1.0,1.0,1.0,1.0,1.0,3199,0,0,201
decision_tree,42,Jeonbuk,clean,0.995049504950495,1.0,0.9975186104218362,0.9997058823529412,1.0,1.0,3198,1,0,201
decision_tree,42,Jeonnam,clean,0.95260663507109,1.0,0.9757281553398058,0.9970588235294118,0.9996827366761069,0.9900024315065004,3189,10,0,201
decision_tree,42,Sejong,clean,0.9891891891891892,1.0,0.9945652173913044,0.9994117647058824,0.9999898082420746,0.9998221314686032,3215,2,0,183
decision_tree,42,Seoul,clean,0.9851485148514852,0.9900497512437813,0.9875930521091812,0.998529411764706,0.9947045018732532,0.9805894930536112,3196,3,2,199
decision_tree,42,Ulsan,clean,0.9753694581280788,0.9850746268656716,0.9801980198019802,0.9976470588235294,0.992367017678099,0.980907357373394,3194,5,3,198
random_forest,42,Busan,clean,1.0,1.0,1.0,1.0,1.0,1.0,3198,0,0,202
random_forest,42,Chungbuk,clean,0.9704433497536946,0.9800995024875622,0.9752475247524752,0.9970588235294118,0.999146188407758,0.9916936066943716,3193,6,4,197
random_forest,42,Chungnam,clean,0.9707317073170731,0.9900497512437813,0.9802955665024632,0.9976470588235294,0.9992550532737998,0.9959971814175104,3193,6,2,199
random_forest,42,Daegu,clean,0.9801980198019802,0.9850746268656716,0.9826302729528535,0.9979411764705882,0.9998942455587024,0.998514386746884,3195,4,3,198
random_forest,42,Daejeon,clean,1.0,0.9800995024875622,0.9899497487437184,0.9988235294117648,0.9999688957525594,0.9995249285204508,3199,0,4,197
random_forest,42,Gangwon,clean,0.975609756097561,0.9950248756218906,0.9852216748768472,0.9982352941176472,0.9999533436288393,0.9993479498462694,3194,5,1,200
random_forest,42,Gwangju,clean,0.995,0.9900497512437813,0.9925187032418952,0.9991176470588236,0.9999751166020476,0.9996185394627964,3198,1,2,199
random_forest,42,Gyeongbuk,clean,0.9502487562189056,0.9502487562189056,0.9502487562189056,0.9941176470588236,0.9981150826051052,0.9858627933484008,3189,10,10,191
random_forest,42,Gyeonggi,clean,0.9154929577464788,0.9701492537313432,0.9420289855072465,0.9929411764705882,0.9990622069396686,0.9867956452940206,3181,18,6,195
random_forest,42,Gyeongnam,clean,0.984924623115578,0.9751243781094528,0.98,0.9976470588235294,0.999517884164672,0.9958696076309504,3196,3,5,196
random_forest,42,Incheon,clean,0.9804878048780488,1.0,0.9901477832512317,0.9988235294117648,0.9999766718144196,0.9996261071576468,3195,4,0,201
random_forest,42,Jeju,clean,1.0,1.0,1.0,1.0,1.0,1.0,3199,0,0,201
random_forest,42,Jeonbuk,clean,1.0,0.9900497512437813,0.995,0.9994117647058824,1.0,0.9999999999999998,3199,0,2,199
random_forest,42,Jeonnam,clean,0.979591836734694,0.9552238805970148,0.9672544080604534,0.9961764705882352,0.9998211505772172,0.997329751022273,3195,4,9,192
random_forest,42,Sejong,clean,1.0,0.9781420765027322,0.988950276243094,0.9988235294117648,0.9999915068683956,0.9998519780402902,3217,0,4,179
random_forest,42,Seoul,clean,0.9302325581395348,0.9950248756218906,0.9615384615384616,0.9952941176470588,0.999527215438904,0.9952945444010144,3184,15,1,200
random_forest,42,Ulsan,clean,0.9950248756218906,0.9950248756218906,0.9950248756218906,0.9994117647058824,0.999996889575256,0.9999509839962746,3198,1,1,200
xgboost,42,Busan,clean,0.9901960784313726,1.0,0.9950738916256158,0.9994117647058824,1.0,1.0,3196,2,0,202
xgboost,42,Chungbuk,clean,0.9851485148514852,0.9900497512437813,0.9875930521091812,0.998529411764706,0.9999813374515356,0.9997064843331548,3196,3,2,199
xgboost,42,Chungnam,clean,0.9901477832512317,1.0,0.995049504950495,0.9994117647058824,1.0,1.0,3197,2,0,201
xgboost,42,Daegu,clean,0.995049504950495,1.0,0.9975186104218362,0.9997058823529412,1.0,1.0,3198,1,0,201
xgboost,42,Daejeon,clean,1.0,0.9900497512437813,0.995,0.9994117647058824,0.999990668725768,0.9998533124006164,3199,0,2,199
xgboost,42,Gangwon,clean,1.0,0.9950248756218906,0.9975062344139652,0.9997058823529412,0.999998444787628,0.9999753706713956,3199,0,1,200
xgboost,42,Gwangju,clean,1.0,0.9850746268656716,0.9924812030075189,0.9991176470588236,0.9995723165976932,0.9971257159580248,3199,0,3,198
xgboost,42,Gyeongbuk,clean,0.9900497512437813,0.9900497512437813,0.9900497512437813,0.9988235294117648,0.999629859455458,0.996583735683409,3197,2,2,199
xgboost,42,Gyeonggi,clean,0.9523809523809524,0.9950248756218906,0.97323600973236,0.9967647058823528,0.999814929727729,0.9970792700889696,3189,10,1,200
xgboost,42,Gyeongnam,clean,0.9901477832512317,1.0,0.995049504950495,0.9994117647058824,0.999996889575256,0.9999506188088176,3197,2,0,201
xgboost,42,Incheon,clean,0.9852216748768472,0.9950248756218906,0.99009900990099,0.9988235294117648,0.9999875583010238,0.9998031694020958,3196,3,1,200
xgboost,42,Jeju,clean,1.0,1.0,1.0,1.0,1.0,1.0,3199,0,0,201
xgboost,42,Jeonbuk,clean,1.0,1.0,1.0,1.0,1.0,0.9999999999999998,3199,0,0,201
xgboost,42,Jeonnam,clean,0.9757281553398058,1.0,0.9877149877149876,0.998529411764706,0.9999891135133958,0.9998282962928944,3194,5,0,201
xgboost,42,Sejong,clean,1.0,1.0,1.0,1.0,1.0,1.0,3217,0,0,183
xgboost,42,Seoul,clean,0.9801980198019802,0.9850746268656716,0.9826302729528535,0.9979411764705882,0.9999642301154434,0.999448187942551,3195,4,3,198
xgboost,42,Ulsan,clean,0.9950248756218906,0.9950248756218906,0.9950248756218906,0.9994117647058824,0.999998444787628,0.9999753706713956,3198,1,1,200
lightgbm,42,Busan,clean,1.0,1.0,1.0,1.0,1.0,1.0,3198,0,0,202
lightgbm,42,Chungbuk,clean,0.9851485148514852,0.9900497512437813,0.9875930521091812,0.998529411764706,0.9999813374515356,0.99970516882707,3196,3,2,199
lightgbm,42,Chungnam,clean,0.9901477832512317,1.0,0.995049504950495,0.9994117647058824,1.0,1.0,3197,2,0,201
lightgbm,42,Daegu,clean,1.0,0.9950248756218906,0.9975062344139652,0.9997058823529412,0.999998444787628,0.9999753706713954,3199,0,1,200
lightgbm,42,Daejeon,clean,1.0,0.9950248756218906,0.9975062344139652,0.9997058823529412,0.999998444787628,0.9999753706713956,3199,0,1,200
lightgbm,42,Gangwon,clean,1.0,0.9900497512437813,0.995,0.9994117647058824,1.0,1.0,3199,0,2,199
lightgbm,42,Gwangju,clean,1.0,0.9950248756218906,0.9975062344139652,0.9997058823529412,0.9997713837813124,0.9978984388402814,3199,0,1,200
lightgbm,42,Gyeongbuk,clean,0.9899497487437184,0.9800995024875622,0.985,0.9982352941176472,0.999628304243086,0.9968348772414553,3197,2,4,197
lightgbm,42,Gyeonggi,clean,0.9660194174757282,0.9900497512437813,0.977886977886978,0.9973529411764706,0.999883359072098,0.9980852960631508,3192,7,2,199
lightgbm,42,Gyeongnam,clean,0.9757281553398058,1.0,0.9877149877149876,0.998529411764706,0.999995334362884,0.9999258669462402,3194,5,0,201
lightgbm,42,Incheon,clean,1.0,1.0,1.0,1.0,1.0,1.0,3199,0,0,201
lightgbm,42,Jeju,clean,0.99009900990099,0.9950248756218906,0.9925558312655088,0.9991176470588236,0.9999867806948376,0.9997779465080257,3197,2,1,200
lightgbm,42,Jeonbuk,clean,1.0,1.0,1.0,1.0,1.0,1.0,3199,0,0,201
lightgbm,42,Jeonnam,clean,0.9802955665024632,0.9900497512437813,0.9851485148514852,0.9982352941176472,0.9999603420845132,0.9993673949078332,3195,4,2,199
lightgbm,42,Sejong,clean,1.0,1.0,1.0,1.0,1.0,1.0,3217,0,0,183
lightgbm,42,Seoul,clean,0.9900497512437813,0.9900497512437813,0.9900497512437813,0.9988235294117648,0.9999766718144196,0.9996408118622876,3197,2,2,199
lightgbm,42,Ulsan,clean,1.0,1.0,1.0,1.0,1.0,1.0,3199,0,0,201
catboost,42,Busan,clean,1.0,1.0,1.0,1.0,1.0,1.0,3198,0,0,202
catboost,42,Chungbuk,clean,0.9852216748768472,0.9950248756218906,0.99009900990099,0.9988235294117648,0.9998569204617735,0.9974470426952632,3196,3,1,200
catboost,42,Chungnam,clean,0.9710144927536232,1.0,0.9852941176470588,0.9982352941176472,0.9999968895752558,0.9999506188088176,3193,6,0,201
catboost,42,Daegu,clean,0.99009900990099,0.9950248756218906,0.9925558312655088,0.9991176470588236,0.999993779150512,0.9999029244023784,3197,2,1,200
catboost,42,Daejeon,clean,0.995049504950495,1.0,0.9975186104218362,0.9997058823529412,1.0,1.0,3198,1,0,201
catboost,42,Gangwon,clean,1.0,0.9950248756218906,0.9975062344139652,0.9997058823529412,1.0,1.0,3199,0,1,200
catboost,42,Gwangju,clean,1.0,0.9900497512437813,0.995,0.9994117647058824,1.0,1.0,3199,0,2,199
catboost,42,Gyeongbuk,clean,0.975609756097561,0.9950248756218906,0.9852216748768472,0.9982352941176472,0.9999144633195386,0.998803932630156,3194,5,1,200
catboost,42,Gyeonggi,clean,0.943661971830986,1.0,0.9710144927536232,0.996470588235294,0.999816484940101,0.9968683087141742,3187,12,0,201
catboost,42,Gyeongnam,clean,0.9852941176470588,1.0,0.9925925925925926,0.9991176470588236,1.0,1.0,3196,3,0,201
catboost,42,Incheon,clean,0.9757281553398058,1.0,0.9877149877149876,0.998529411764706,0.9999891135133958,0.9998287901232789,3194,5,0,201
catboost,42,Jeju,clean,0.9950248756218906,0.9950248756218906,0.9950248756218906,0.9994117647058824,0.9999828926639076,0.9997371528993272,3198,1,1,200
catboost,42,Jeonbuk,clean,0.995049504950495,1.0,0.9975186104218362,0.9997058823529412,1.0,1.0,3198,1,0,201
catboost,42,Jeonnam,clean,0.9305555555555556,1.0,0.9640287769784172,0.9955882352941176,0.9999253498061428,0.9987479072839286,3184,15,0,201
catboost,42,Sejong,clean,1.0,1.0,1.0,1.0,1.0,1.0,3217,0,0,183
catboost,42,Seoul,clean,0.975609756097561,0.9950248756218906,0.9852216748768472,0.9982352941176472,0.9999782270267916,0.9996599446490886,3194,5,1,200
catboost,42,Ulsan,clean,1.0,1.0,1.0,1.0,1.0,1.0,3199,0,0,201
decision_tree,202,Busan,clean,0.9950738916256158,1.0,0.9975308641975308,0.9997058823529412,1.0,1.0,3197,1,0,202
decision_tree,202,Chungbuk,clean,0.961352657004831,0.9900497512437813,0.9754901960784312,0.9970588235294118,0.9948366949248756,0.9852960498317804,3191,8,2,199
decision_tree,202,Chungnam,clean,0.9804878048780488,1.0,0.9901477832512317,0.9988235294117648,0.9998421459442396,0.995000611480743,3195,4,0,201
decision_tree,202,Daegu,clean,0.9803921568627452,0.9950248756218906,0.9876543209876544,0.998529411764706,0.9973468076933246,0.9902218143323058,3195,4,1,200
decision_tree,202,Daejeon,clean,0.9950248756218906,0.9950248756218906,0.9950248756218906,0.9994117647058824,0.9975116602047592,0.9953189932689492,3198,1,1,200
decision_tree,202,Gangwon,clean,1.0,0.9950248756218906,0.9975062344139652,0.9997058823529412,0.9975124378109452,0.9953189932689492,3199,0,1,200
decision_tree,202,Gwangju,clean,1.0,0.9900497512437813,0.995,0.9994117647058824,0.9950248756218906,0.9906379865378988,3199,0,2,199
decision_tree,202,Gyeongbuk,clean,0.9611650485436892,0.9850746268656716,0.972972972972973,0.9967647058823528,0.9923351358244724,0.9803313907168696,3191,8,3,198
decision_tree,202,Gyeonggi,clean,0.9521531100478468,0.9900497512437813,0.9707317073170731,0.996470588235294,0.99450232426489,0.9749090952337216,3189,10,2,199
decision_tree,202,Gyeongnam,clean,0.975609756097561,0.9950248756218906,0.9852216748768472,0.9982352941176472,0.997499218505783,0.9951238903521608,3194,5,1,200
decision_tree,202,Incheon,clean,0.9757281553398058,1.0,0.9877149877149876,0.998529411764706,0.9996804038575487,0.9899544792424334,3194,5,0,201
decision_tree,202,Jeju,clean,1.0,1.0,1.0,1.0,1.0,1.0,3199,0,0,201
decision_tree,202,Jeonbuk,clean,0.995049504950495,1.0,0.9975186104218362,0.9997058823529412,1.0,1.0,3198,1,0,201
decision_tree,202,Jeonnam,clean,0.95260663507109,1.0,0.9757281553398058,0.9970588235294118,0.9996811814637347,0.9899534228185966,3189,10,0,201
decision_tree,202,Sejong,clean,0.9891891891891892,1.0,0.9945652173913044,0.9994117647058824,0.9999898082420746,0.9998221314686032,3215,2,0,183
decision_tree,202,Seoul,clean,0.9802955665024632,0.9900497512437813,0.9851485148514852,0.9982352941176472,0.9947029466608812,0.9805894930536112,3195,4,2,199
decision_tree,202,Ulsan,clean,0.9753694581280788,0.9850746268656716,0.9801980198019802,0.9976470588235294,0.992367017678099,0.980907357373394,3194,5,3,198
random_forest,202,Busan,clean,1.0,1.0,1.0,1.0,1.0,1.0,3198,0,0,202
random_forest,202,Chungbuk,clean,0.9704433497536946,0.9800995024875622,0.9752475247524752,0.9970588235294118,0.9988615845436772,0.9911373824366232,3193,6,4,197
random_forest,202,Chungnam,clean,0.9705882352941176,0.9850746268656716,0.9777777777777776,0.9973529411764706,0.9988024864735404,0.9955029062565008,3193,6,3,198
random_forest,202,Daegu,clean,0.9801980198019802,0.9850746268656716,0.9826302729528535,0.9979411764705882,0.999881803859726,0.9983805152962748,3195,4,3,198
random_forest,202,Daejeon,clean,1.0,0.9800995024875622,0.9899497487437184,0.9988235294117648,0.9999642301154434,0.9994608621334804,3199,0,4,197
random_forest,202,Gangwon,clean,0.970873786407767,0.9950248756218906,0.9828009828009828,0.9979411764705882,0.9999502332040952,0.9992878128034282,3193,6,1,200
random_forest,202,Gwangju,clean,0.995,0.9900497512437813,0.9925187032418952,0.9991176470588236,0.9999751166020476,0.9996164480742162,3198,1,2,199
random_forest,202,Gyeongbuk,clean,0.9408866995073892,0.9502487562189056,0.9455445544554456,0.993529411764706,0.9974727798954588,0.9845372497802398,3187,12,10,191
random_forest,202,Gyeonggi,clean,0.9282296650717704,0.965174129353234,0.946341463414634,0.993529411764706,0.9990715382139008,0.986606572812562,3184,15,7,194
random_forest,202,Gyeongnam,clean,0.9798994974874372,0.9701492537313432,0.975,0.9970588235294118,0.9994059088738864,0.9955412423532296,3195,4,6,195
random_forest,202,Incheon,clean,0.9804878048780488,1.0,0.9901477832512317,0.9988235294117648,0.9999813374515356,0.999703043433536,3195,4,0,201
random_forest,202,Jeju,clean,1.0,1.0,1.0,1.0,1.0,1.0,3199,0,0,201
random_forest,202,Jeonbuk,clean,1.0,0.9900497512437813,0.995,0.9994117647058824,0.999998444787628,0.9999753706713954,3199,0,2,199
random_forest,202,Jeonnam,clean,0.979591836734694,0.9552238805970148,0.9672544080604534,0.9961764705882352,0.9997853806926604,0.9969045236666793,3195,4,9,192
random_forest,202,Sejong,clean,1.0,0.9781420765027322,0.988950276243094,0.9988235294117648,0.9999898082420746,0.9998232275371564,3217,0,4,179
random_forest,202,Seoul,clean,0.9342723004694836,0.9900497512437813,0.961352657004831,0.9952941176470588,0.9996065312698774,0.9960581598526168,3185,14,2,199
random_forest,202,Ulsan,clean,0.9950248756218906,0.9950248756218906,0.9950248756218906,0.9994117647058824,0.999996889575256,0.9999509839962746,3198,1,1,200
xgboost,202,Busan,clean,0.9901960784313726,1.0,0.9950738916256158,0.9994117647058824,1.0,1.0,3196,2,0,202
xgboost,202,Chungbuk,clean,0.9851485148514852,0.9900497512437813,0.9875930521091812,0.998529411764706,0.9999813374515356,0.9997068319375124,3196,3,2,199
xgboost,202,Chungnam,clean,0.995049504950495,1.0,0.9975186104218362,0.9997058823529412,1.0,1.0,3198,1,0,201
xgboost,202,Daegu,clean,0.995049504950495,1.0,0.9975186104218362,0.9997058823529412,1.0,1.0,3198,1,0,201
xgboost,202,Daejeon,clean,1.0,0.9900497512437813,0.995,0.9994117647058824,0.9999906687257678,0.9998533124006164,3199,0,2,199
xgboost,202,Gangwon,clean,1.0,0.9950248756218906,0.9975062344139652,0.9997058823529412,0.999998444787628,0.9999753706713956,3199,0,1,200
xgboost,202,Gwangju,clean,1.0,0.9850746268656716,0.9924812030075189,0.9991176470588236,0.9996205281812258,0.9972720666331264,3199,0,3,198
xgboost,202,Gyeongbuk,clean,0.9850746268656716,0.9850746268656716,0.9850746268656716,0.9982352941176472,0.9996034208451334,0.996490512104424,3196,3,3,198
xgboost,202,Gyeonggi,clean,0.9523809523809524,0.9950248756218906,0.97323600973236,0.9967647058823528,0.9998444787627974,0.9976357609026102,3189,10,1,200
xgboost,202,Gyeongnam,clean,0.9852941176470588,1.0,0.9925925925925926,0.9991176470588236,0.999998444787628,0.9999753706713956,3196,3,0,201
xgboost,202,Incheon,clean,0.9852216748768472,0.9950248756218906,0.99009900990099,0.9988235294117648,0.9999813374515356,0.9997025114230044,3196,3,1,200
xgboost,202,Jeju,clean,1.0,1.0,1.0,1.0,1.0,1.0,3199,0,0,201
xgboost,202,Jeonbuk,clean,1.0,1.0,1.0,1.0,1.0,1.0,3199,0,0,201
xgboost,202,Jeonnam,clean,0.9757281553398058,1.0,0.9877149877149876,0.998529411764706,0.9999891135133958,0.9998282962928944,3194,5,0,201
xgboost,202,Sejong,clean,1.0,1.0,1.0,1.0,1.0,1.0,3217,0,0,183
xgboost,202,Seoul,clean,0.9801980198019802,0.9850746268656716,0.9826302729528535,0.9979411764705882,0.9999626749030714,0.9994274731838804,3195,4,3,198
xgboost,202,Ulsan,clean,0.995049504950495,1.0,0.9975186104218362,0.9997058823529412,0.999998444787628,0.9999753706713954,3198,1,0,201
lightgbm,202,Busan,clean,1.0,1.0,1.0,1.0,1.0,1.0,3198,0,0,202
lightgbm,202,Chungbuk,clean,0.9851485148514852,0.9900497512437813,0.9875930521091812,0.998529411764706,0.9999813374515356,0.99970516882707,3196,3,2,199
lightgbm,202,Chungnam,clean,0.9901477832512317,1.0,0.995049504950495,0.9994117647058824,0.999998444787628,0.9999753706713956,3197,2,0,201
lightgbm,202,Daegu,clean,1.0,0.9950248756218906,0.9975062344139652,0.9997058823529412,1.0,1.0,3199,0,1,200
lightgbm,202,Daejeon,clean,1.0,0.9950248756218906,0.9975062344139652,0.9997058823529412,0.999998444787628,0.9999753706713956,3199,0,1,200
lightgbm,202,Gangwon,clean,1.0,0.9950248756218906,0.9975062344139652,0.9997058823529412,0.999998444787628,0.9999753706713956,3199,0,1,200
lightgbm,202,Gwangju,clean,1.0,0.9950248756218906,0.9975062344139652,0.9997058823529412,0.9997636077194522,0.9978577368116922,3199,0,1,200
lightgbm,202,Gyeongbuk,clean,0.9949494949494948,0.9800995024875622,0.987468671679198,0.998529411764706,0.9996073088760636,0.9969606521634482,3198,1,4,197
lightgbm,202,Gyeonggi,clean,0.9660194174757282,0.9900497512437813,0.977886977886978,0.9973529411764706,0.999883359072098,0.9980832485808796,3192,7,2,199
lightgbm,202,Gyeongnam,clean,0.9757281553398058,1.0,0.9877149877149876,0.998529411764706,0.999990668725768,0.9998513539991176,3194,5,0,201
lightgbm,202,Incheon,clean,0.995049504950495,1.0,0.9975186104218362,0.9997058823529412,0.9999984447876282,0.9999753706713956,3198,1,0,201
lightgbm,202,Jeju,clean,0.99009900990099,0.9950248756218906,0.9925558312655088,0.9991176470588236,0.9999867806948376,0.9997779465080258,3197,2,1,200
lightgbm,202,Jeonbuk,clean,1.0,1.0,1.0,1.0,1.0,1.0,3199,0,0,201
lightgbm,202,Jeonnam,clean,0.9802955665024632,0.9900497512437813,0.9851485148514852,0.9982352941176472,0.999946345173165,0.9991599626071976,3195,4,2,199
lightgbm,202,Sejong,clean,1.0,1.0,1.0,1.0,1.0,1.0,3217,0,0,183
lightgbm,202,Seoul,clean,0.995,0.9900497512437813,0.9925187032418952,0.9991176470588236,0.9999751166020476,0.999617991995864,3198,1,2,199
lightgbm,202,Ulsan,clean,1.0,1.0,1.0,1.0,1.0,1.0,3199,0,0,201
catboost,202,Busan,clean,1.0,1.0,1.0,1.0,1.0,1.0,3198,0,0,202
catboost,202,Chungbuk,clean,0.9804878048780488,1.0,0.9901477832512317,0.9988235294117648,0.9999284602308868,0.9988153762578136,3195,4,0,201
catboost,202,Chungnam,clean,0.9710144927536232,1.0,0.9852941176470588,0.9982352941176472,0.999995334362884,0.9999257431869272,3193,6,0,201
catboost,202,Daegu,clean,0.9852216748768472,0.9950248756218906,0.99009900990099,0.9988235294117648,0.9999906687257678,0.9998544926913516,3196,3,1,200
catboost,202,Daejeon,clean,0.995049504950495,1.0,0.9975186104218362,0.9997058823529412,0.999998444787628,0.9999753706713954,3198,1,0,201
catboost,202,Gangwon,clean,1.0,1.0,1.0,1.0,1.0,1.0,3199,0,0,201
catboost,202,Gwangju,clean,1.0,0.9900497512437813,0.995,0.9994117647058824,1.0,1.0,3199,0,2,199
catboost,202,Gyeongbuk,clean,0.975609756097561,0.9950248756218906,0.9852216748768472,0.9982352941176472,0.9998071536658688,0.9979208323917884,3194,5,1,200
catboost,202,Gyeonggi,clean,0.9392523364485982,1.0,0.9686746987951808,0.9961764705882352,0.9997651629318242,0.995511380105268,3186,13,0,201
catboost,202,Gyeongnam,clean,0.9852941176470588,1.0,0.9925925925925926,0.9991176470588236,1.0,1.0,3196,3,0,201
catboost,202,Incheon,clean,0.9757281553398058,1.0,0.9877149877149876,0.998529411764706,0.999995334362884,0.9999268364062044,3194,5,0,201
catboost,202,Jeju,clean,0.99009900990099,0.9950248756218906,0.9925558312655088,0.9991176470588236,0.9999828926639076,0.9997371528993272,3197,2,1,200
catboost,202,Jeonbuk,clean,1.0,1.0,1.0,1.0,1.0,0.9999999999999998,3199,0,0,201
catboost,202,Jeonnam,clean,0.9305555555555556,1.0,0.9640287769784172,0.9955882352941176,0.9999284602308868,0.9988055174339884,3184,15,0,201
catboost,202,Sejong,clean,1.0,1.0,1.0,1.0,1.0,1.0,3217,0,0,183
catboost,202,Seoul,clean,0.970873786407767,0.9950248756218906,0.9828009828009828,0.9979411764705882,0.9999782270267916,0.9996617197074004,3193,6,1,200
catboost,202,Ulsan,clean,1.0,1.0,1.0,1.0,1.0,1.0,3199,0,0,201
decision_tree,340,Busan,clean,0.9950738916256158,1.0,0.9975308641975308,0.9997058823529412,1.0,1.0,3197,1,0,202
decision_tree,340,Chungbuk,clean,0.961352657004831,0.9900497512437813,0.9754901960784312,0.9970588235294118,0.9948366949248756,0.9852960498317804,3191,8,2,199
decision_tree,340,Chungnam,clean,0.9804878048780488,1.0,0.9901477832512317,0.9988235294117648,0.9998421459442396,0.995000611480743,3195,4,0,201
decision_tree,340,Daegu,clean,0.9852216748768472,0.9950248756218906,0.99009900990099,0.9988235294117648,0.9973491405118824,0.9902458417851124,3196,3,1,200
decision_tree,340,Daejeon,clean,0.9950248756218906,0.9950248756218906,0.9950248756218906,0.9994117647058824,0.9975116602047592,0.9953189932689492,3198,1,1,200
decision_tree,340,Gangwon,clean,1.0,0.9950248756218906,0.9975062344139652,0.9997058823529412,0.9975124378109452,0.9953189932689492,3199,0,1,200
decision_tree,340,Gwangju,clean,1.0,0.9900497512437813,0.995,0.9994117647058824,0.9950248756218906,0.9906379865378988,3199,0,2,199
decision_tree,340,Gyeongbuk,clean,0.9611650485436892,0.9850746268656716,0.972972972972973,0.9967647058823528,0.9923351358244724,0.9803313907168696,3191,8,3,198
decision_tree,340,Gyeonggi,clean,0.9521531100478468,0.9900497512437813,0.9707317073170731,0.996470588235294,0.99450232426489,0.9749090952337216,3189,10,2,199
decision_tree,340,Gyeongnam,clean,0.975609756097561,0.9950248756218906,0.9852216748768472,0.9982352941176472,0.997499218505783,0.9951238903521608,3194,5,1,200
decision_tree,340,Incheon,clean,0.9757281553398058,1.0,0.9877149877149876,0.998529411764706,0.9995225498017882,0.9850295901716242,3194,5,0,201
decision_tree,340,Jeju,clean,1.0,1.0,1.0,1.0,1.0,1.0,3199,0,0,201
decision_tree,340,Jeonbuk,clean,0.995049504950495,1.0,0.9975186104218362,0.9997058823529412,1.0,1.0,3198,1,0,201
decision_tree,340,Jeonnam,clean,0.95260663507109,1.0,0.9757281553398058,0.9970588235294118,0.9996811814637347,0.9899534228185966,3189,10,0,201
decision_tree,340,Sejong,clean,0.9891891891891892,1.0,0.9945652173913044,0.9994117647058824,0.9999898082420746,0.9998221314686032,3215,2,0,183
decision_tree,340,Seoul,clean,0.9851485148514852,0.9900497512437813,0.9875930521091812,0.998529411764706,0.994862355929014,0.9855881128743856,3196,3,2,199
decision_tree,340,Ulsan,clean,0.9753694581280788,0.9850746268656716,0.9801980198019802,0.9976470588235294,0.992367017678099,0.980907357373394,3194,5,3,198
random_forest,340,Busan,clean,1.0,0.99009900990099,0.9950248756218906,0.9994117647058824,1.0,1.0,3198,0,2,200
random_forest,340,Chungbuk,clean,0.9704433497536946,0.9800995024875622,0.9752475247524752,0.9970588235294118,0.9986889559703828,0.9905500748681614,3193,6,4,197
random_forest,340,Chungnam,clean,0.9705882352941176,0.9850746268656716,0.9777777777777776,0.9973529411764706,0.99901710578088,0.9956235628083184,3193,6,3,198
random_forest,340,Daegu,clean,0.9801980198019802,0.9850746268656716,0.9826302729528535,0.9979411764705882,0.9998351474885654,0.9978958053330476,3195,4,3,198
random_forest,340,Daejeon,clean,1.0,0.9800995024875622,0.9899497487437184,0.9988235294117648,0.9999751166020476,0.999618213679486,3199,0,4,197
random_forest,340,Gangwon,clean,0.966183574879227,0.9950248756218906,0.9803921568627452,0.9976470588235294,0.9999720061773036,0.9995839118955568,3192,7,1,200
random_forest,340,Gwangju,clean,0.9900497512437813,0.9900497512437813,0.9900497512437813,0.9988235294117648,0.9999766718144196,0.9996397824599303,3197,2,2,199
random_forest,340,Gyeongbuk,clean,0.9408866995073892,0.9502487562189056,0.9455445544554456,0.993529411764706,0.9982643829928196,0.9857098710213376,3187,12,10,191
random_forest,340,Gyeonggi,clean,0.9285714285714286,0.9701492537313432,0.948905109489051,0.9938235294117648,0.9988693606055375,0.9844133199921512,3184,15,6,195
random_forest,340,Gyeongnam,clean,0.984924623115578,0.9751243781094528,0.98,0.9976470588235294,0.9994199057852344,0.9956595513154536,3196,3,5,196
random_forest,340,Incheon,clean,0.9804878048780488,1.0,0.9901477832512317,0.9988235294117648,0.9999766718144196,0.999628573650798,3195,4,0,201
random_forest,340,Jeju,clean,1.0,1.0,1.0,1.0,1.0,1.0,3199,0,0,201
random_forest,340,Jeonbuk,clean,0.995,0.9900497512437813,0.9925187032418952,0.9991176470588236,0.999996889575256,0.9999506188088176,3198,1,2,199
random_forest,340,Jeonnam,clean,0.979591836734694,0.9552238805970148,0.9672544080604534,0.9961764705882352,0.9997636077194524,0.9966214799367432,3195,4,9,192
random_forest,340,Sejong,clean,1.0,0.9781420765027322,0.988950276243094,0.9988235294117648,0.9999864109894328,0.999764592388371,3217,0,4,179
random_forest,340,Seoul,clean,0.9345794392523364,0.9950248756218906,0.963855421686747,0.9955882352941176,0.9995007768285796,0.9949550804846012,3185,14,1,200
random_forest,340,Ulsan,clean,0.99009900990099,0.9950248756218906,0.9925558312655088,0.9991176470588236,0.999996889575256,0.9999509839962748,3197,2,1,200
xgboost,340,Busan,clean,0.9901960784313726,1.0,0.9950738916256158,0.9994117647058824,1.0,1.0,3196,2,0,202
xgboost,340,Chungbuk,clean,0.9851485148514852,0.9900497512437813,0.9875930521091812,0.998529411764706,0.9999828926639076,0.9997308685938132,3196,3,2,199
xgboost,340,Chungnam,clean,0.9852941176470588,1.0,0.9925925925925926,0.9991176470588236,1.0,1.0,3196,3,0,201
xgboost,340,Daegu,clean,0.995049504950495,1.0,0.9975186104218362,0.9997058823529412,1.0,1.0,3198,1,0,201
xgboost,340,Daejeon,clean,1.0,0.9900497512437813,0.995,0.9994117647058824,0.9999906687257678,0.9998533124006164,3199,0,2,199
xgboost,340,Gangwon,clean,1.0,0.9950248756218906,0.9975062344139652,0.9997058823529412,0.999998444787628,0.9999753706713954,3199,0,1,200
xgboost,340,Gwangju,clean,1.0,0.9850746268656716,0.9924812030075189,0.9991176470588236,0.9994665621563952,0.9968631109160082,3199,0,3,198
xgboost,340,Gyeongbuk,clean,0.99,0.9850746268656716,0.9875311720698254,0.998529411764706,0.9996547428534104,0.9967192719283084,3197,2,3,198
xgboost,340,Gyeonggi,clean,0.9521531100478468,0.9900497512437813,0.9707317073170731,0.996470588235294,0.9998071536658688,0.9968416078634744,3189,10,2,199
xgboost,340,Gyeongnam,clean,0.9852941176470588,1.0,0.9925925925925926,0.9991176470588236,0.999996889575256,0.999950618808818,3196,3,0,201
xgboost,340,Incheon,clean,0.9803921568627452,0.9950248756218906,0.9876543209876544,0.998529411764706,0.9999875583010238,0.999803169402096,3195,4,1,200
xgboost,340,Jeju,clean,1.0,1.0,1.0,1.0,1.0,1.0,3199,0,0,201
xgboost,340,Jeonbuk,clean,1.0,1.0,1.0,1.0,1.0,1.0,3199,0,0,201
xgboost,340,Jeonnam,clean,0.9757281553398058,1.0,0.9877149877149876,0.998529411764706,0.999989113513396,0.9998282962928944,3194,5,0,201
xgboost,340,Sejong,clean,1.0,1.0,1.0,1.0,1.0,1.0,3217,0,0,183
xgboost,340,Seoul,clean,0.9851485148514852,0.9900497512437813,0.9875930521091812,0.998529411764706,0.9999626749030714,0.9994268665867516,3196,3,2,199
xgboost,340,Ulsan,clean,0.9901477832512317,1.0,0.995049504950495,0.9994117647058824,0.999998444787628,0.9999753706713956,3197,2,0,201
lightgbm,340,Busan,clean,1.0,1.0,1.0,1.0,1.0,1.0,3198,0,0,202
lightgbm,340,Chungbuk,clean,0.9851485148514852,0.9900497512437813,0.9875930521091812,0.998529411764706,0.9999813374515356,0.99970516882707,3196,3,2,199
lightgbm,340,Chungnam,clean,0.9901477832512317,1.0,0.995049504950495,0.9994117647058824,1.0,1.0,3197,2,0,201
lightgbm,340,Daegu,clean,1.0,0.9950248756218906,0.9975062344139652,0.9997058823529412,0.999998444787628,0.9999753706713956,3199,0,1,200
lightgbm,340,Daejeon,clean,1.0,0.9950248756218906,0.9975062344139652,0.9997058823529412,0.999998444787628,0.9999753706713954,3199,0,1,200
lightgbm,340,Gangwon,clean,1.0,0.9950248756218906,0.9975062344139652,0.9997058823529412,1.0,1.0,3199,0,1,200
lightgbm,340,Gwangju,clean,1.0,0.9950248756218906,0.9975062344139652,0.9997058823529412,0.9999440123546072,0.9992442849045908,3199,0,1,200
lightgbm,340,Gyeongbuk,clean,0.9949748743718592,0.9850746268656716,0.99,0.9988235294117648,0.9996018656327614,0.996931186349654,3198,1,3,198
lightgbm,340,Gyeonggi,clean,0.9707317073170731,0.9900497512437813,0.9802955665024632,0.9976470588235294,0.999872472585494,0.9978580807526396,3193,6,2,199
lightgbm,340,Gyeongnam,clean,0.9804878048780488,1.0,0.9901477832512317,0.9988235294117648,0.999990668725768,0.9998504849919584,3195,4,0,201
lightgbm,340,Incheon,clean,0.995049504950495,1.0,0.9975186104218362,0.9997058823529412,1.0,1.0,3198,1,0,201
lightgbm,340,Jeju,clean,0.99009900990099,0.9950248756218906,0.9925558312655088,0.9991176470588236,0.9999883359072098,0.9998030733988242,3197,2,1,200
lightgbm,340,Jeonbuk,clean,1.0,1.0,1.0,1.0,1.0,1.0,3199,0,0,201
lightgbm,340,Jeonnam,clean,0.9707317073170731,0.9900497512437813,0.9802955665024632,0.9976470588235294,0.9999603420845132,0.9993747233909168,3193,6,2,199
lightgbm,340,Sejong,clean,1.0,1.0,1.0,1.0,1.0,1.0,3217,0,0,183
lightgbm,340,Seoul,clean,0.9900497512437813,0.9900497512437813,0.9900497512437813,0.9988235294117648,0.9999844478762798,0.9997570311139222,3197,2,2,199
lightgbm,340,Ulsan,clean,1.0,1.0,1.0,1.0,1.0,1.0,3199,0,0,201
catboost,340,Busan,clean,1.0,1.0,1.0,1.0,1.0,1.0,3198,0,0,202
catboost,340,Chungbuk,clean,0.9852941176470588,1.0,0.9925925925925926,0.9991176470588236,0.999947122779351,0.9991407707076084,3196,3,0,201
catboost,340,Chungnam,clean,0.966346153846154,1.0,0.982885085574572,0.9979411764705882,0.99999222393814,0.9998763558867908,3192,7,0,201
catboost,340,Daegu,clean,0.9803921568627452,0.9950248756218906,0.9876543209876544,0.998529411764706,0.99999222393814,0.9998781725398008,3195,4,1,200
catboost,340,Daejeon,clean,0.995049504950495,1.0,0.9975186104218362,0.9997058823529412,1.0,1.0,3198,1,0,201
catboost,340,Gangwon,clean,1.0,1.0,1.0,1.0,1.0,1.0,3199,0,0,201
catboost,340,Gwangju,clean,1.0,0.9900497512437813,0.995,0.9994117647058824,1.0,1.0,3199,0,2,199
catboost,340,Gyeongbuk,clean,0.966183574879227,0.9950248756218906,0.9803921568627452,0.9976470588235294,0.9999129081071664,0.9988187243342768,3192,7,1,200
catboost,340,Gyeonggi,clean,0.943661971830986,1.0,0.9710144927536232,0.996470588235294,0.9998289266390772,0.997058954847203,3187,12,0,201
catboost,340,Gyeongnam,clean,0.9852941176470588,1.0,0.9925925925925926,0.9991176470588236,1.0,1.0,3196,3,0,201
catboost,340,Incheon,clean,0.9710144927536232,1.0,0.9852941176470588,0.9982352941176472,0.9999860030886518,0.9997773434793308,3193,6,0,201
catboost,340,Jeju,clean,0.99009900990099,0.9950248756218906,0.9925558312655088,0.9991176470588236,0.9999813374515356,0.9997145846303132,3197,2,1,200
catboost,340,Jeonbuk,clean,0.995049504950495,1.0,0.9975186104218362,0.9997058823529412,1.0,1.0,3198,1,0,201
catboost,340,Jeonnam,clean,0.9305555555555556,1.0,0.9640287769784172,0.9955882352941176,0.99988491428447,0.9980616713007648,3184,15,0,201
catboost,340,Sejong,clean,1.0,1.0,1.0,1.0,1.0,1.0,3217,0,0,183
catboost,340,Seoul,clean,0.970873786407767,0.9950248756218906,0.9828009828009828,0.9979411764705882,0.9999797822391636,0.9996845727523536,3193,6,1,200
catboost,340,Ulsan,clean,1.0,1.0,1.0,1.0,1.0,1.0,3199,0,0,201
tabpfn_v2_5,42,Busan,clean,1.0,1.0,1.0,1.0,1.0,1.0,3198,0,0,202
tabpfn_v2_5,42,Chungbuk,clean,0.9901477832512317,1.0,0.995049504950495,0.9994117647058824,0.9999906687257678,0.9998518490921596,3197,2,0,201
tabpfn_v2_5,42,Chungnam,clean,0.9901477832512317,1.0,0.995049504950495,0.9994117647058824,1.0,1.0,3197,2,0,201
tabpfn_v2_5,42,Daegu,clean,0.995049504950495,1.0,0.9975186104218362,0.9997058823529412,0.999996889575256,0.999950618808818,3198,1,0,201
tabpfn_v2_5,42,Daejeon,clean,1.0,0.9950248756218906,0.9975062344139652,0.9997058823529412,1.0,1.0,3199,0,1,200
tabpfn_v2_5,42,Gangwon,clean,1.0,1.0,1.0,1.0,1.0,1.0,3199,0,0,201
tabpfn_v2_5,42,Gwangju,clean,1.0,0.9950248756218906,0.9975062344139652,0.9997058823529412,1.0,1.0,3199,0,1,200
tabpfn_v2_5,42,Gyeongbuk,clean,0.9950248756218906,0.9950248756218906,0.9950248756218906,0.9994117647058824,0.999996889575256,0.9999509839962748,3198,1,1,200
tabpfn_v2_5,42,Gyeonggi,clean,0.9798994974874372,0.9701492537313432,0.975,0.9970588235294118,0.999881803859726,0.9981175361451322,3195,4,6,195
tabpfn_v2_5,42,Gyeongnam,clean,0.9950248756218906,0.9950248756218906,0.9950248756218906,0.9994117647058824,0.999996889575256,0.999950618808818,3198,1,1,200
tabpfn_v2_5,42,Incheon,clean,0.99009900990099,0.9950248756218906,0.9925558312655088,0.9991176470588236,0.999993779150512,0.9999013565118066,3197,2,1,200
tabpfn_v2_5,42,Jeju,clean,1.0,1.0,1.0,1.0,1.0,1.0,3199,0,0,201
tabpfn_v2_5,42,Jeonbuk,clean,1.0,1.0,1.0,1.0,1.0,1.0,3199,0,0,201
tabpfn_v2_5,42,Jeonnam,clean,0.9901477832512317,1.0,0.995049504950495,0.9994117647058824,0.999998444787628,0.9999753706713956,3197,2,0,201
tabpfn_v2_5,42,Sejong,clean,1.0,1.0,1.0,1.0,1.0,1.0,3217,0,0,183
tabpfn_v2_5,42,Seoul,clean,0.985,0.9800995024875622,0.9825436408977556,0.9979411764705882,0.9999440123546072,0.9991536610685868,3196,3,4,197
tabpfn_v2_5,42,Ulsan,clean,1.0,1.0,1.0,1.0,1.0,1.0,3199,0,0,201
tabpfn_v2_5,202,Busan,clean,1.0,1.0,1.0,1.0,1.0,1.0,3198,0,0,202
tabpfn_v2_5,202,Chungbuk,clean,0.9901477832512317,1.0,0.995049504950495,0.9994117647058824,0.999989113513396,0.9998272209888948,3197,2,0,201
tabpfn_v2_5,202,Chungnam,clean,1.0,1.0,1.0,1.0,1.0,1.0,3199,0,0,201
tabpfn_v2_5,202,Daegu,clean,0.9950248756218906,0.9950248756218906,0.9950248756218906,0.9994117647058824,0.999996889575256,0.999950618808818,3198,1,1,200
tabpfn_v2_5,202,Daejeon,clean,1.0,0.9950248756218906,0.9975062344139652,0.9997058823529412,1.0,1.0,3199,0,1,200
tabpfn_v2_5,202,Gangwon,clean,1.0,1.0,1.0,1.0,1.0,1.0,3199,0,0,201
tabpfn_v2_5,202,Gwangju,clean,1.0,0.9950248756218906,0.9975062344139652,0.9997058823529412,0.999998444787628,0.9999753706713956,3199,0,1,200
tabpfn_v2_5,202,Gyeongbuk,clean,0.9900497512437813,0.9900497512437813,0.9900497512437813,0.9988235294117648,0.9999937791505118,0.9999017253390658,3197,2,2,199
tabpfn_v2_5,202,Gyeonggi,clean,0.9798994974874372,0.9701492537313432,0.975,0.9970588235294118,0.9998895799215862,0.9982517213209096,3195,4,6,195
tabpfn_v2_5,202,Gyeongnam,clean,0.9950248756218906,0.9950248756218906,0.9950248756218906,0.9994117647058824,0.999998444787628,0.9999753706713956,3198,1,1,200
tabpfn_v2_5,202,Incheon,clean,0.9852216748768472,0.9950248756218906,0.99009900990099,0.9988235294117648,0.999995334362884,0.9999268364062044,3196,3,1,200
tabpfn_v2_5,202,Jeju,clean,1.0,1.0,1.0,1.0,1.0,1.0,3199,0,0,201
tabpfn_v2_5,202,Jeonbuk,clean,1.0,1.0,1.0,1.0,1.0,1.0,3199,0,0,201
tabpfn_v2_5,202,Jeonnam,clean,0.995049504950495,1.0,0.9975186104218362,0.9997058823529412,0.999993779150512,0.9999007425619116,3198,1,0,201
tabpfn_v2_5,202,Sejong,clean,1.0,1.0,1.0,1.0,1.0,1.0,3217,0,0,183
tabpfn_v2_5,202,Seoul,clean,0.985,0.9800995024875622,0.9825436408977556,0.9979411764705882,0.9999424571422352,0.999122060253094,3196,3,4,197
tabpfn_v2_5,202,Ulsan,clean,1.0,1.0,1.0,1.0,1.0,1.0,3199,0,0,201
tabpfn_v2_5,340,Busan,clean,1.0,1.0,1.0,1.0,1.0,1.0,3198,0,0,202
tabpfn_v2_5,340,Chungbuk,clean,0.9901477832512317,1.0,0.995049504950495,0.9994117647058824,0.9999875583010238,0.9998024703701294,3197,2,0,201
tabpfn_v2_5,340,Chungnam,clean,0.9901477832512317,1.0,0.995049504950495,0.9994117647058824,1.0,1.0,3197,2,0,201
tabpfn_v2_5,340,Daegu,clean,0.9950248756218906,0.9950248756218906,0.9950248756218906,0.9994117647058824,0.999996889575256,0.999950618808818,3198,1,1,200
tabpfn_v2_5,340,Daejeon,clean,1.0,0.9900497512437813,0.995,0.9994117647058824,1.0,1.0,3199,0,2,199
tabpfn_v2_5,340,Gangwon,clean,1.0,1.0,1.0,1.0,1.0,1.0,3199,0,0,201
tabpfn_v2_5,340,Gwangju,clean,1.0,0.9950248756218906,0.9975062344139652,0.9997058823529412,1.0,1.0,3199,0,1,200
tabpfn_v2_5,340,Gyeongbuk,clean,0.9950248756218906,0.9950248756218906,0.9950248756218906,0.9994117647058824,0.999993779150512,0.9999029244023784,3198,1,1,200
tabpfn_v2_5,340,Gyeonggi,clean,0.9751243781094528,0.9751243781094528,0.9751243781094528,0.9970588235294118,0.999878693434982,0.9980813505018754,3194,5,5,196
tabpfn_v2_5,340,Gyeongnam,clean,0.9950248756218906,0.9950248756218906,0.9950248756218906,0.9994117647058824,0.999998444787628,0.9999753706713956,3198,1,1,200
tabpfn_v2_5,340,Incheon,clean,0.9852216748768472,0.9950248756218906,0.99009900990099,0.9988235294117648,0.999990668725768,0.9998522082967204,3196,3,1,200
tabpfn_v2_5,340,Jeju,clean,1.0,1.0,1.0,1.0,1.0,1.0,3199,0,0,201
tabpfn_v2_5,340,Jeonbuk,clean,1.0,1.0,1.0,1.0,1.0,1.0,3199,0,0,201
tabpfn_v2_5,340,Jeonnam,clean,0.995049504950495,1.0,0.9975186104218362,0.9997058823529412,0.999996889575256,0.999950618808818,3198,1,0,201
tabpfn_v2_5,340,Sejong,clean,1.0,1.0,1.0,1.0,1.0,1.0,3217,0,0,183
tabpfn_v2_5,340,Seoul,clean,0.9899497487437184,0.9800995024875622,0.985,0.9982352941176472,0.999937791505119,0.999059962883896,3197,2,4,197
tabpfn_v2_5,340,Ulsan,clean,1.0,1.0,1.0,1.0,1.0,1.0,3199,0,0,201
tabpfn_v2_6,42,Busan,clean,1.0,1.0,1.0,1.0,1.0,1.0,3198,0,0,202
tabpfn_v2_6,42,Chungbuk,clean,0.9804878048780488,1.0,0.9901477832512317,0.9988235294117648,0.9999751166020474,0.9996015260314166,3195,4,0,201
tabpfn_v2_6,42,Chungnam,clean,0.9901477832512317,1.0,0.995049504950495,0.9994117647058824,1.0,1.0,3197,2,0,201
tabpfn_v2_6,42,Daegu,clean,0.9900497512437813,0.9900497512437813,0.9900497512437813,0.9988235294117648,0.9999906687257678,0.9998536657451692,3197,2,2,199
tabpfn_v2_6,42,Daejeon,clean,1.0,0.9900497512437813,0.995,0.9994117647058824,1.0,1.0,3199,0,2,199
tabpfn_v2_6,42,Gangwon,clean,1.0,0.9950248756218906,0.9975062344139652,0.9997058823529412,1.0,1.0,3199,0,1,200
tabpfn_v2_6,42,Gwangju,clean,1.0,0.9900497512437813,0.995,0.9994117647058824,0.999993779150512,0.9999020845436266,3199,0,2,199
tabpfn_v2_6,42,Gyeongbuk,clean,0.9949494949494948,0.9800995024875622,0.987468671679198,0.998529411764706,0.9999673405401874,0.9994790982354778,3198,1,4,197
tabpfn_v2_6,42,Gyeonggi,clean,0.9949748743718592,0.9850746268656716,0.99,0.9988235294117648,0.9999004664081904,0.9985449326406076,3198,1,3,198
tabpfn_v2_6,42,Gyeongnam,clean,1.0,0.9950248756218906,0.9975062344139652,0.9997058823529412,1.0,1.0,3199,0,1,200
tabpfn_v2_6,42,Incheon,clean,0.995049504950495,1.0,0.9975186104218362,0.9997058823529412,0.999995334362884,0.9999257431869272,3198,1,0,201
tabpfn_v2_6,42,Jeju,clean,0.99009900990099,0.9950248756218906,0.9925558312655088,0.9991176470588236,0.999989113513396,0.9998282962928944,3197,2,1,200
tabpfn_v2_6,42,Jeonbuk,clean,1.0,1.0,1.0,1.0,1.0,1.0,3199,0,0,201
tabpfn_v2_6,42,Jeonnam,clean,0.9801980198019802,0.9850746268656716,0.9826302729528535,0.9979411764705882,0.9998958007710744,0.9982497248616166,3195,4,3,198
tabpfn_v2_6,42,Sejong,clean,1.0,1.0,1.0,1.0,1.0,1.0,3217,0,0,183
tabpfn_v2_6,42,Seoul,clean,1.0,0.9900497512437813,0.995,0.9994117647058824,0.999995334362884,0.9999268364062044,3199,0,2,199
tabpfn_v2_6,42,Ulsan,clean,0.995049504950495,1.0,0.9975186104218362,0.9997058823529412,0.999998444787628,0.9999753706713956,3198,1,0,201
tabpfn_v2_6,202,Busan,clean,1.0,1.0,1.0,1.0,1.0,1.0,3198,0,0,202
tabpfn_v2_6,202,Chungbuk,clean,0.9804878048780488,1.0,0.9901477832512317,0.9988235294117648,0.9999782270267916,0.9996534184555378,3195,4,0,201
tabpfn_v2_6,202,Chungnam,clean,0.995049504950495,1.0,0.9975186104218362,0.9997058823529412,1.0,1.0,3198,1,0,201
tabpfn_v2_6,202,Daegu,clean,0.99009900990099,0.9950248756218906,0.9925558312655088,0.9991176470588236,0.9999875583010238,0.9998065348390776,3197,2,1,200
tabpfn_v2_6,202,Daejeon,clean,1.0,0.9950248756218906,0.9975062344139652,0.9997058823529412,1.0,1.0,3199,0,1,200
tabpfn_v2_6,202,Gangwon,clean,1.0,0.9950248756218906,0.9975062344139652,0.9997058823529412,1.0,1.0,3199,0,1,200
tabpfn_v2_6,202,Gwangju,clean,1.0,0.9900497512437813,0.995,0.9994117647058824,0.999995334362884,0.9999268364062044,3199,0,2,199
tabpfn_v2_6,202,Gyeongbuk,clean,0.9949494949494948,0.9800995024875622,0.987468671679198,0.998529411764706,0.9999766718144196,0.9996305387733702,3198,1,4,197
tabpfn_v2_6,202,Gyeonggi,clean,0.99,0.9850746268656716,0.9875311720698254,0.998529411764706,0.999870917373122,0.9981714822522976,3197,2,3,198
tabpfn_v2_6,202,Gyeongnam,clean,1.0,0.9950248756218906,0.9975062344139652,0.9997058823529412,1.0,1.0,3199,0,1,200
tabpfn_v2_6,202,Incheon,clean,0.995049504950495,1.0,0.9975186104218362,0.9997058823529412,0.999993779150512,0.9999007425619116,3198,1,0,201
tabpfn_v2_6,202,Jeju,clean,0.99009900990099,0.9950248756218906,0.9925558312655088,0.9991176470588236,0.9999797822391636,0.999679887311544,3197,2,1,200
tabpfn_v2_6,202,Jeonbuk,clean,1.0,1.0,1.0,1.0,1.0,1.0,3199,0,0,201
tabpfn_v2_6,202,Jeonnam,clean,0.9850746268656716,0.9850746268656716,0.9850746268656716,0.9982352941176472,0.99988102625354,0.998062000354916,3196,3,3,198
tabpfn_v2_6,202,Sejong,clean,1.0,1.0,1.0,1.0,1.0,1.0,3217,0,0,183
tabpfn_v2_6,202,Seoul,clean,1.0,0.9950248756218906,0.9975062344139652,0.9997058823529412,0.999996889575256,0.9999509839962748,3199,0,1,200
tabpfn_v2_6,202,Ulsan,clean,0.995049504950495,1.0,0.9975186104218362,0.9997058823529412,0.999998444787628,0.9999753706713956,3198,1,0,201
tabpfn_v2_6,340,Busan,clean,1.0,1.0,1.0,1.0,1.0,1.0,3198,0,0,202
tabpfn_v2_6,340,Chungbuk,clean,0.9804878048780488,1.0,0.9901477832512317,0.9988235294117648,0.9999751166020476,0.999602750124742,3195,4,0,201
tabpfn_v2_6,340,Chungnam,clean,0.995049504950495,1.0,0.9975186104218362,0.9997058823529412,1.0,1.0,3198,1,0,201
tabpfn_v2_6,340,Daegu,clean,0.99009900990099,0.9950248756218906,0.9925558312655088,0.9991176470588236,0.9999891135133958,0.9998299858967205,3197,2,1,200
tabpfn_v2_6,340,Daejeon,clean,1.0,0.9950248756218906,0.9975062344139652,0.9997058823529412,1.0,1.0,3199,0,1,200
tabpfn_v2_6,340,Gangwon,clean,1.0,0.9950248756218906,0.9975062344139652,0.9997058823529412,1.0,1.0,3199,0,1,200
tabpfn_v2_6,340,Gwangju,clean,1.0,0.9900497512437813,0.995,0.9994117647058824,0.999993779150512,0.9999020845436266,3199,0,2,199
tabpfn_v2_6,340,Gyeongbuk,clean,0.9949494949494948,0.9800995024875622,0.987468671679198,0.998529411764706,0.9999751166020476,0.9996076162629602,3198,1,4,197
tabpfn_v2_6,340,Gyeonggi,clean,0.985,0.9800995024875622,0.9825436408977556,0.9979411764705882,0.999875583010238,0.9981937765447684,3196,3,4,197
tabpfn_v2_6,340,Gyeongnam,clean,1.0,0.9950248756218906,0.9975062344139652,0.9997058823529412,1.0,1.0,3199,0,1,200
tabpfn_v2_6,340,Incheon,clean,0.995049504950495,1.0,0.9975186104218362,0.9997058823529412,0.999996889575256,0.999950618808818,3198,1,0,201
tabpfn_v2_6,340,Jeju,clean,0.99009900990099,0.9950248756218906,0.9925558312655088,0.9991176470588236,0.9999813374515356,0.9997040294469668,3197,2,1,200
tabpfn_v2_6,340,Jeonbuk,clean,1.0,1.0,1.0,1.0,1.0,1.0,3199,0,0,201
tabpfn_v2_6,340,Jeonnam,clean,0.9754901960784312,0.9900497512437813,0.982716049382716,0.9979411764705882,0.999881803859726,0.99800420046593,3194,5,2,199
tabpfn_v2_6,340,Sejong,clean,1.0,1.0,1.0,1.0,1.0,1.0,3217,0,0,183
tabpfn_v2_6,340,Seoul,clean,1.0,0.9900497512437813,0.995,0.9994117647058824,0.9999906687257678,0.9998544926913516,3199,0,2,199
tabpfn_v2_6,340,Ulsan,clean,0.995049504950495,1.0,0.9975186104218362,0.9997058823529412,0.999998444787628,0.9999753706713956,3198,1,0,201
tabpfn_v3,42,Busan,clean,1.0,1.0,1.0,1.0,1.0,1.0,3198,0,0,202
tabpfn_v3,42,Chungbuk,clean,0.9901477832512317,1.0,0.995049504950495,0.9994117647058824,0.9999875583010238,0.9998014677628936,3197,2,0,201
tabpfn_v3,42,Chungnam,clean,1.0,1.0,1.0,1.0,1.0,1.0,3199,0,0,201
tabpfn_v3,42,Daegu,clean,0.9950248756218906,0.9950248756218906,0.9950248756218906,0.9994117647058824,0.999998444787628,0.9999753706713956,3198,1,1,200
tabpfn_v3,42,Daejeon,clean,1.0,1.0,1.0,1.0,1.0,1.0,3199,0,0,201
tabpfn_v3,42,Gangwon,clean,1.0,1.0,1.0,1.0,1.0,1.0,3199,0,0,201
tabpfn_v3,42,Gwangju,clean,1.0,0.9900497512437813,0.995,0.9994117647058824,0.999996889575256,0.999950618808818,3199,0,2,199
tabpfn_v3,42,Gyeongbuk,clean,0.995,0.9900497512437813,0.9925187032418952,0.9991176470588236,0.999995334362884,0.9999257431869272,3198,1,2,199
tabpfn_v3,42,Gyeonggi,clean,0.9900497512437813,0.9900497512437813,0.9900497512437813,0.9988235294117648,0.9999720061773036,0.9995627569397438,3197,2,2,199
tabpfn_v3,42,Gyeongnam,clean,0.9950248756218906,0.9950248756218906,0.9950248756218906,0.9994117647058824,0.999998444787628,0.9999753706713956,3198,1,1,200
tabpfn_v3,42,Incheon,clean,1.0,1.0,1.0,1.0,1.0,1.0,3199,0,0,201
tabpfn_v3,42,Jeju,clean,1.0,1.0,1.0,1.0,1.0,1.0,3199,0,0,201
tabpfn_v3,42,Jeonbuk,clean,1.0,1.0,1.0,1.0,1.0,1.0,3199,0,0,201
tabpfn_v3,42,Jeonnam,clean,0.9901477832512317,1.0,0.995049504950495,0.9994117647058824,0.9999922239381398,0.9998763558867912,3197,2,0,201
tabpfn_v3,42,Sejong,clean,1.0,1.0,1.0,1.0,1.0,1.0,3217,0,0,183
tabpfn_v3,42,Seoul,clean,1.0,0.9900497512437813,0.995,0.9994117647058824,1.0,1.0,3199,0,2,199
tabpfn_v3,42,Ulsan,clean,1.0,1.0,1.0,1.0,1.0,1.0,3199,0,0,201
tabpfn_v3,202,Busan,clean,1.0,1.0,1.0,1.0,1.0,1.0,3198,0,0,202
tabpfn_v3,202,Chungbuk,clean,0.9901477832512317,1.0,0.995049504950495,0.9994117647058824,0.9999797822391636,0.9996768320508576,3197,2,0,201
tabpfn_v3,202,Chungnam,clean,1.0,1.0,1.0,1.0,1.0,1.0,3199,0,0,201
tabpfn_v3,202,Daegu,clean,0.9950248756218906,0.9950248756218906,0.9950248756218906,0.9994117647058824,0.999998444787628,0.9999753706713956,3198,1,1,200
tabpfn_v3,202,Daejeon,clean,1.0,1.0,1.0,1.0,1.0,1.0,3199,0,0,201
tabpfn_v3,202,Gangwon,clean,1.0,1.0,1.0,1.0,1.0,1.0,3199,0,0,201
tabpfn_v3,202,Gwangju,clean,1.0,0.9900497512437813,0.995,0.9994117647058824,0.999996889575256,0.999950618808818,3199,0,2,199
tabpfn_v3,202,Gyeongbuk,clean,0.995,0.9900497512437813,0.9925187032418952,0.9991176470588236,0.999995334362884,0.9999257431869272,3198,1,2,199
tabpfn_v3,202,Gyeonggi,clean,0.9900497512437813,0.9900497512437813,0.9900497512437813,0.9988235294117648,0.9999673405401874,0.9994920674771391,3197,2,2,199
tabpfn_v3,202,Gyeongnam,clean,1.0,0.9950248756218906,0.9975062344139652,0.9997058823529412,0.999998444787628,0.9999753706713956,3199,0,1,200
tabpfn_v3,202,Incheon,clean,1.0,1.0,1.0,1.0,1.0,1.0,3199,0,0,201
tabpfn_v3,202,Jeju,clean,1.0,1.0,1.0,1.0,1.0,1.0,3199,0,0,201
tabpfn_v3,202,Jeonbuk,clean,1.0,1.0,1.0,1.0,1.0,1.0,3199,0,0,201
tabpfn_v3,202,Jeonnam,clean,0.9901477832512317,1.0,0.995049504950495,0.9994117647058824,0.9999906687257678,0.9998512289959924,3197,2,0,201
tabpfn_v3,202,Sejong,clean,1.0,1.0,1.0,1.0,1.0,1.0,3217,0,0,183
tabpfn_v3,202,Seoul,clean,1.0,0.9900497512437813,0.995,0.9994117647058824,1.0,1.0,3199,0,2,199
tabpfn_v3,202,Ulsan,clean,1.0,1.0,1.0,1.0,1.0,1.0,3199,0,0,201
tabpfn_v3,340,Busan,clean,1.0,1.0,1.0,1.0,1.0,1.0,3198,0,0,202
tabpfn_v3,340,Chungbuk,clean,0.9901477832512317,1.0,0.995049504950495,0.9994117647058824,0.9999797822391636,0.9996768320508576,3197,2,0,201
tabpfn_v3,340,Chungnam,clean,1.0,1.0,1.0,1.0,1.0,1.0,3199,0,0,201
tabpfn_v3,340,Daegu,clean,0.9950248756218906,0.9950248756218906,0.9950248756218906,0.9994117647058824,0.999998444787628,0.9999753706713956,3198,1,1,200
tabpfn_v3,340,Daejeon,clean,1.0,1.0,1.0,1.0,1.0,1.0,3199,0,0,201
tabpfn_v3,340,Gangwon,clean,1.0,1.0,1.0,1.0,1.0,1.0,3199,0,0,201
tabpfn_v3,340,Gwangju,clean,1.0,0.9900497512437813,0.995,0.9994117647058824,0.999996889575256,0.9999509839962748,3199,0,2,199
tabpfn_v3,340,Gyeongbuk,clean,0.995,0.9900497512437813,0.9925187032418952,0.9991176470588236,0.999995334362884,0.9999257431869272,3198,1,2,199
tabpfn_v3,340,Gyeonggi,clean,0.9900497512437813,0.9900497512437813,0.9900497512437813,0.9988235294117648,0.9999611196906992,0.999400716090058,3197,2,2,199
tabpfn_v3,340,Gyeongnam,clean,0.9950248756218906,0.9950248756218906,0.9950248756218906,0.9994117647058824,0.999998444787628,0.9999753706713954,3198,1,1,200
tabpfn_v3,340,Incheon,clean,1.0,1.0,1.0,1.0,1.0,1.0,3199,0,0,201
tabpfn_v3,340,Jeju,clean,1.0,1.0,1.0,1.0,1.0,1.0,3199,0,0,201
tabpfn_v3,340,Jeonbuk,clean,1.0,1.0,1.0,1.0,1.0,1.0,3199,0,0,201
tabpfn_v3,340,Jeonnam,clean,0.9901477832512317,1.0,0.995049504950495,0.9994117647058824,0.9999906687257678,0.9998512289959922,3197,2,0,201
tabpfn_v3,340,Sejong,clean,1.0,1.0,1.0,1.0,1.0,1.0,3217,0,0,183
tabpfn_v3,340,Seoul,clean,1.0,0.9900497512437813,0.995,0.9994117647058824,0.999998444787628,0.9999753706713956,3199,0,2,199
tabpfn_v3,340,Ulsan,clean,1.0,1.0,1.0,1.0,1.0,1.0,3199,0,0,201
