condition,region,feature,n,missing,mean,std,median,q1,q3,min,max
adversarial,Busan,X_COORD,1406,0,129.05497116047735,0.06784562418878164,129.06190490722656,129.00775146484375,129.09775161743164,128.8132356850359,129.2850341796875
adversarial,Busan,Y_COORD,1406,0,35.161958444789605,0.05177677756331418,35.15950393676758,35.12236022949219,35.19810962677002,35.04908752441406,35.3839775346772
adversarial,Chungbuk,X_COORD,1407,0,127.67303892957777,0.297243061993722,127.49628448486328,127.4643325805664,127.92145538330078,127.29389190673828,128.53526306152344
adversarial,Chungbuk,Y_COORD,1407,0,36.761228804268704,0.21255469974515048,36.6505012512207,36.624494552612305,36.97399139404297,36.021263122558594,37.227874755859375
adversarial,Chungnam,X_COORD,1408,0,126.96914496167689,0.2576102578906328,127.10923767089844,126.73394393920898,127.1408920288086,126.13188934326172,127.59356689453125
adversarial,Chungnam,Y_COORD,1408,0,36.66694100545169,0.2403379479422973,36.79185676574707,36.475056648254395,36.819942474365234,35.99226760864258,36.9641227722168
adversarial,Daegu,X_COORD,1408,0,128.58563135467475,0.05374615241195971,128.5782241821289,128.54890060424805,128.6192741394043,128.3457075908847,128.76419012598612
adversarial,Daegu,Y_COORD,1408,0,35.86515849528317,0.03387765995131788,35.86417242285971,35.84307384490967,35.88286304473877,35.624019622802734,35.993682861328125
adversarial,Daejeon,X_COORD,1408,0,127.39760968730012,0.039452544047266246,127.39769744873047,127.37374114990234,127.43051528930664,127.25282702725318,127.49006652832031
adversarial,Daejeon,Y_COORD,1408,0,36.347345470196295,0.037236492542672424,36.344322204589844,36.32347583770752,36.36017322540283,36.214927673339844,36.48607557114893
adversarial,Gangwon,X_COORD,1408,0,128.49045437038768,0.5370120573939267,128.5825958251953,127.94968605041504,128.98813247680664,127.22210693359375,129.34181213378906
adversarial,Gangwon,Y_COORD,1408,0,37.655748043490526,0.3229186172209245,37.572744369506836,37.37531566619873,37.86848831176758,37.069149017333984,38.373390197753906
adversarial,Gwangju,X_COORD,1408,0,126.87219235831171,0.04469268514167628,126.87702560424805,126.84376525878906,126.90605926513672,126.64838564711029,126.9792709350586
adversarial,Gwangju,Y_COORD,1408,0,35.163720144333496,0.029580888225500427,35.160160064697266,35.14261531829834,35.18560314178467,35.07406997680664,35.23640823364258
adversarial,Gyeongbuk,X_COORD,1408,0,128.70791410934444,0.42907530989718606,128.6302032470703,128.35660552978516,129.1724090576172,127.87017059326172,130.87619018554688
adversarial,Gyeongbuk,Y_COORD,1408,0,36.17087871317821,0.32303280764103004,36.098066329956055,35.958624839782715,36.36973285675049,35.59943389892578,37.54789352416992
adversarial,Gyeonggi,X_COORD,1408,0,126.9974825520677,0.19102154889164438,127.00295639038086,126.82780838012695,127.11166763305664,126.64104461669922,127.76974487304688
adversarial,Gyeonggi,Y_COORD,1408,0,37.42288608631133,0.2000739363297948,37.40173530578613,37.29280757904053,37.52662639703335,36.93809509277344,38.02006149291992
adversarial,Gyeongnam,X_COORD,1407,0,128.55663815842118,0.3434424800277181,128.62460327148438,128.33253479003906,128.7848129272461,127.63823359465508,129.18017578125
adversarial,Gyeongnam,Y_COORD,1407,0,35.18462914895961,0.17619381753499094,35.20722579956055,35.14548301696777,35.25831413269043,34.730499267578125,35.813942555891046
adversarial,Incheon,X_COORD,1407,0,126.69420230920265,0.05320915743268642,126.70468139648438,126.67376327514648,126.72666549682617,126.10636901855469,126.79053731519508
adversarial,Incheon,Y_COORD,1407,0,37.49165450774813,0.05273186277977602,37.488670349121094,37.4551887512207,37.52722358703613,37.17185974121094,37.63642501831055
adversarial,Jeju,X_COORD,1407,0,126.52020383885306,0.08177112677088176,126.52520751953125,126.48750686645508,126.55719735310144,126.1805648803711,126.94462584541046
adversarial,Jeju,Y_COORD,1407,0,33.432914486925455,0.1081938476208631,33.49327850341797,33.2960147857666,33.50607490539551,33.17325973510742,33.96220016479492
adversarial,Jeonbuk,X_COORD,1407,0,126.99814798157617,0.22140684003662595,126.97953796386719,126.8499870300293,127.13773345947266,126.47537994384766,127.68236541748047
adversarial,Jeonbuk,Y_COORD,1407,0,35.81859911898229,0.1736118388678853,35.84539031982422,35.78911590576172,35.95928764343262,35.331572523760855,36.1407217803317
adversarial,Jeonnam,X_COORD,1407,0,127.03493810916821,0.5306462491256033,126.89920222176744,126.48712064363326,127.53482818603516,126.00215911865234,127.81246185302734
adversarial,Jeonnam,Y_COORD,1407,0,34.86462268942952,0.21622557070670995,34.831443786621094,34.75901985414525,34.967892606660456,34.14968490600586,35.43915557861328
adversarial,Sejong,X_COORD,1282,0,127.26617347478746,0.05145634811583573,127.28216552734375,127.22148132324219,127.2969741821289,127.14122689611598,127.40787169492208
adversarial,Sejong,Y_COORD,1282,0,36.589474141993435,0.06889410029928564,36.59714126586914,36.547940254211426,36.625288009643555,36.41913986206055,36.741114849171126
adversarial,Seoul,X_COORD,1407,0,126.98921537787686,0.08615773298752068,127.0042953491211,126.91714477539062,127.05202102661133,126.79015546164173,127.18108083491369
adversarial,Seoul,Y_COORD,1407,0,37.5464155708124,0.05223477052343382,37.54151916503906,37.50369071960449,37.580848693847656,37.42642664389554,37.69272758400488
adversarial,Ulsan,X_COORD,1407,0,129.33795494423546,0.05706220111933146,129.33131408691406,129.306801768862,129.3631598409159,129.03196716308594,129.4637908935547
adversarial,Ulsan,Y_COORD,1407,0,35.54751483416756,0.0439130560756221,35.548439025878906,35.52936935424805,35.567453384399414,35.34579086303711,35.66865158081055
clean,Busan,X_COORD,1406,0,129.05594014535205,0.0680833491751114,129.06294058150002,129.00789898325002,129.09915204075,128.821774887,129.285619163
clean,Busan,Y_COORD,1406,0,35.161487369369134,0.051430813289879536,35.159193397500005,35.12232122875,35.197682142,35.048957122,35.374938294
clean,Chungbuk,X_COORD,1407,0,127.6740378735764,0.296368700296921,127.500227684,127.4651099195,127.921038763,127.304477788,128.535667114
clean,Chungbuk,Y_COORD,1407,0,36.76140135488557,0.21213244003236398,36.650880018,36.625092561,36.9735363005,36.020829786,37.227089007
clean,Chungnam,X_COORD,1408,0,126.96858908617683,0.25707561948858576,127.10873220650001,126.73885114525001,127.14002138275,126.135205583,127.593399646
clean,Chungnam,Y_COORD,1408,0,36.666471491596596,0.23943557713070873,36.7896834085,36.47415559625,36.818843584,36.001104608,36.963887232
clean,Daegu,X_COORD,1408,0,128.58527198780754,0.05315592512529898,128.5780678835,128.54891349225,128.618470626,128.355558623,128.754916636
clean,Daegu,Y_COORD,1408,0,35.8652049180277,0.0337396408029549,35.86440307949999,35.84317460075,35.88294829225,35.623934904,35.993576144
clean,Daejeon,X_COORD,1408,0,127.39777199208096,0.03923931532594506,127.39804968199999,127.37384285775,127.43079975,127.256339968,127.490391012
clean,Daejeon,Y_COORD,1408,0,36.347131610111504,0.03711771036389839,36.344116185,36.323362245999995,36.3596451055,36.215174569,36.480153916
clean,Gangwon,X_COORD,1408,0,128.49159045630256,0.534014157816621,128.589069568,127.9502095395,128.987905002,127.222292407,129.341667226
clean,Gangwon,Y_COORD,1408,0,37.65816564426136,0.3228316811223053,37.576608464,37.38147642975,37.8729565245,37.069250683,38.377767117
clean,Gwangju,X_COORD,1408,0,126.87244991744673,0.044336299090489924,126.878054577,126.843692672,126.90617339900001,126.658255729,126.979024583
clean,Gwangju,Y_COORD,1408,0,35.16380416472514,0.029362492154765375,35.1600312065,35.14267026275,35.185423149,35.074214641,35.236377506
clean,Gyeongbuk,X_COORD,1408,0,128.70828501229687,0.4285942186857316,128.630201596,128.3565769135,129.17212397225,127.873209725,130.873470727
clean,Gyeongbuk,Y_COORD,1408,0,36.171450077961644,0.3221180956161074,36.09856047,35.95886512025,36.369380377249996,35.600592997,37.540230651
clean,Gyeonggi,X_COORD,1408,0,126.99744241168892,0.19076924691738986,127.00150911200001,126.82485634375,127.111950544,126.641050079,127.768816217
clean,Gyeonggi,Y_COORD,1408,0,37.422360057610085,0.2002287841053653,37.4003760065,37.292302760249996,37.52488582375,36.938040685,38.020204751
clean,Gyeongnam,X_COORD,1407,0,128.55660805255013,0.3431186144802152,128.624512585,128.33306171150002,128.78493163000002,127.648003958,129.180139612
clean,Gyeongnam,Y_COORD,1407,0,35.18487365946411,0.17605232941913562,35.208189146,35.1458446995,35.2583134075,34.730285798,35.807214714
clean,Incheon,X_COORD,1407,0,126.69319111221463,0.05305585693620308,126.704635301,126.673276121,126.72565174100001,126.106563371,126.779980745
clean,Incheon,Y_COORD,1407,0,37.49150076651386,0.05240992314714295,37.488584196,37.4551876045,37.5268943055,37.171705358,37.636225929
clean,Jeju,X_COORD,1407,0,126.51816758004124,0.08156188943961351,126.523541547,126.4861465525,126.556144804,126.179620392,126.9438963
clean,Jeju,Y_COORD,1407,0,33.42721009510945,0.10801917222418927,33.48742549,33.289494351,33.500370466999996,33.173543371,33.962502941
clean,Jeonbuk,X_COORD,1407,0,126.99783188133901,0.2208362257832468,126.979350917,126.85028394599999,127.13526213349999,126.473815999,127.681954285
clean,Jeonbuk,Y_COORD,1407,0,35.817154559065386,0.1725171295986183,35.840036238,35.7892562505,35.959091018500004,35.340493387,36.132116728
clean,Jeonnam,X_COORD,1407,0,127.0317506390057,0.529636805618052,126.903124686,126.4818178515,127.53317493,126.004101027,127.802667167
clean,Jeonnam,Y_COORD,1407,0,34.86388281571855,0.2149456343552615,34.830688792,34.759216788,34.963216853,34.155227666,35.439009548
clean,Sejong,X_COORD,1282,0,127.26608596800781,0.0509222950730706,127.2820571835,127.222025412,127.2963257665,127.147573985,127.406694385
clean,Sejong,Y_COORD,1282,0,36.58922904684088,0.06859119959602122,36.5969423425,36.546306696749994,36.62451835025,36.419234806,36.732385532
clean,Seoul,X_COORD,1407,0,126.98920058032978,0.08515943697648642,127.00428604,126.9167583655,127.05136581549999,126.800255018,127.174055375
clean,Seoul,Y_COORD,1407,0,37.54614006512935,0.051606190188277064,37.541380583,37.503730739999995,37.580282301,37.434881431,37.685354914
clean,Ulsan,X_COORD,1407,0,129.34156541000993,0.056482040751351624,129.336088242,129.312194723,129.36745820599998,129.033393739,129.456701805
clean,Ulsan,Y_COORD,1407,0,35.54643847964534,0.041346172503904106,35.544303395,35.528673398500004,35.5634540735,35.345078739,35.667993297
