condition,region,feature,value,count,percent
adversarial,Busan,ASORT_LCLASDC,6.0,781,55.547652916073964
adversarial,Busan,ASORT_LCLASDC,1.0,342,24.324324324324326
adversarial,Busan,ASORT_LCLASDC,7.0,119,8.463726884779517
adversarial,Busan,ASORT_LCLASDC,4.0,82,5.832147937411095
adversarial,Busan,ASORT_LCLASDC,3.0,48,3.4139402560455197
adversarial,Busan,ASORT_LCLASDC,5.0,23,1.6358463726884778
adversarial,Busan,ASORT_LCLASDC,2.0,7,0.4978662873399715
adversarial,Busan,ASORT_LCLASDC,8.0,4,0.2844950213371266
adversarial,Busan,ASORT_MLSFCDC,3.0,602,42.81650071123755
adversarial,Busan,ASORT_MLSFCDC,5.0,553,39.331436699857754
adversarial,Busan,ASORT_MLSFCDC,1.0,141,10.028449502133713
adversarial,Busan,ASORT_MLSFCDC,2.0,110,7.823613086770982
adversarial,Busan,ASORT_SDASDC,27.0,501,35.63300142247511
adversarial,Busan,ASORT_SDASDC,1.0,314,22.33285917496444
adversarial,Busan,ASORT_SDASDC,3.0,238,16.927453769559033
adversarial,Busan,ASORT_SDASDC,8.0,138,9.815078236130867
adversarial,Busan,ASORT_SDASDC,2.0,73,5.19203413940256
adversarial,Busan,ASORT_SDASDC,11.0,69,4.907539118065434
adversarial,Busan,ASORT_SDASDC,6.0,23,1.6358463726884778
adversarial,Busan,ASORT_SDASDC,5.0,23,1.6358463726884778
adversarial,Busan,ASORT_SDASDC,12.0,22,1.5647226173541962
adversarial,Busan,ASORT_SDASDC,4.0,3,0.21337126600284498
adversarial,Busan,ASORT_SDASDC,9.0,1,0.07112375533428165
adversarial,Busan,ASORT_SDASDC,7.0,1,0.07112375533428165
adversarial,Chungbuk,ASORT_LCLASDC,6.0,767,54.51314854299929
adversarial,Chungbuk,ASORT_LCLASDC,7.0,200,14.214641080312724
adversarial,Chungbuk,ASORT_LCLASDC,3.0,164,11.656005685856433
adversarial,Chungbuk,ASORT_LCLASDC,4.0,123,8.742004264392325
adversarial,Chungbuk,ASORT_LCLASDC,1.0,77,5.472636815920398
adversarial,Chungbuk,ASORT_LCLASDC,5.0,42,2.9850746268656714
adversarial,Chungbuk,ASORT_LCLASDC,2.0,33,2.345415778251599
adversarial,Chungbuk,ASORT_LCLASDC,8.0,1,0.07107320540156362
adversarial,Chungbuk,ASORT_MLSFCDC,3.0,804,57.14285714285714
adversarial,Chungbuk,ASORT_MLSFCDC,2.0,263,18.69225302061123
adversarial,Chungbuk,ASORT_MLSFCDC,1.0,243,17.270788912579956
adversarial,Chungbuk,ASORT_MLSFCDC,5.0,68,4.832977967306325
adversarial,Chungbuk,ASORT_MLSFCDC,4.0,29,2.061122956645345
adversarial,Chungbuk,ASORT_SDASDC,26.0,525,37.3134328358209
adversarial,Chungbuk,ASORT_SDASDC,1.0,221,15.707178393745558
adversarial,Chungbuk,ASORT_SDASDC,5.0,179,12.722103766879886
adversarial,Chungbuk,ASORT_SDASDC,11.0,174,12.366737739872068
adversarial,Chungbuk,ASORT_SDASDC,23.0,59,4.193319118692253
adversarial,Chungbuk,ASORT_SDASDC,12.0,56,3.9800995024875623
adversarial,Chungbuk,ASORT_SDASDC,6.0,45,3.1982942430703627
adversarial,Chungbuk,ASORT_SDASDC,27.0,35,2.4875621890547266
adversarial,Chungbuk,ASORT_SDASDC,4.0,30,2.1321961620469083
adversarial,Chungbuk,ASORT_SDASDC,3.0,20,1.4214641080312722
adversarial,Chungbuk,ASORT_SDASDC,10.0,19,1.3503909026297085
adversarial,Chungbuk,ASORT_SDASDC,7.0,17,1.2082444918265813
adversarial,Chungbuk,ASORT_SDASDC,2.0,10,0.7107320540156361
adversarial,Chungbuk,ASORT_SDASDC,8.0,8,0.5685856432125089
adversarial,Chungbuk,ASORT_SDASDC,9.0,5,0.35536602700781805
adversarial,Chungbuk,ASORT_SDASDC,13.0,4,0.28429282160625446
adversarial,Chungnam,ASORT_LCLASDC,7.0,421,29.900568181818183
adversarial,Chungnam,ASORT_LCLASDC,4.0,363,25.78125
adversarial,Chungnam,ASORT_LCLASDC,6.0,282,20.02840909090909
adversarial,Chungnam,ASORT_LCLASDC,5.0,214,15.198863636363635
adversarial,Chungnam,ASORT_LCLASDC,2.0,71,5.042613636363636
adversarial,Chungnam,ASORT_LCLASDC,1.0,28,1.9886363636363635
adversarial,Chungnam,ASORT_LCLASDC,3.0,27,1.9176136363636365
adversarial,Chungnam,ASORT_LCLASDC,8.0,2,0.14204545454545456
adversarial,Chungnam,ASORT_MLSFCDC,1.0,483,34.30397727272727
adversarial,Chungnam,ASORT_MLSFCDC,3.0,448,31.818181818181817
adversarial,Chungnam,ASORT_MLSFCDC,2.0,333,23.650568181818183
adversarial,Chungnam,ASORT_MLSFCDC,5.0,93,6.605113636363637
adversarial,Chungnam,ASORT_MLSFCDC,4.0,51,3.6221590909090913
adversarial,Chungnam,ASORT_SDASDC,11.0,655,46.51988636363637
adversarial,Chungnam,ASORT_SDASDC,12.0,224,15.909090909090908
adversarial,Chungnam,ASORT_SDASDC,3.0,197,13.991477272727273
adversarial,Chungnam,ASORT_SDASDC,5.0,91,6.4630681818181825
adversarial,Chungnam,ASORT_SDASDC,1.0,81,5.752840909090909
adversarial,Chungnam,ASORT_SDASDC,26.0,58,4.119318181818182
adversarial,Chungnam,ASORT_SDASDC,23.0,34,2.414772727272727
adversarial,Chungnam,ASORT_SDASDC,2.0,31,2.2017045454545454
adversarial,Chungnam,ASORT_SDASDC,4.0,11,0.78125
adversarial,Chungnam,ASORT_SDASDC,9.0,9,0.6392045454545455
adversarial,Chungnam,ASORT_SDASDC,13.0,6,0.4261363636363636
adversarial,Chungnam,ASORT_SDASDC,6.0,4,0.2840909090909091
adversarial,Chungnam,ASORT_SDASDC,10.0,2,0.14204545454545456
adversarial,Chungnam,ASORT_SDASDC,7.0,2,0.14204545454545456
adversarial,Chungnam,ASORT_SDASDC,8.0,2,0.14204545454545456
adversarial,Chungnam,ASORT_SDASDC,27.0,1,0.07102272727272728
adversarial,Daegu,ASORT_LCLASDC,6.0,1004,71.30681818181817
adversarial,Daegu,ASORT_LCLASDC,5.0,114,8.096590909090908
adversarial,Daegu,ASORT_LCLASDC,7.0,113,8.025568181818182
adversarial,Daegu,ASORT_LCLASDC,1.0,66,4.6875
adversarial,Daegu,ASORT_LCLASDC,2.0,54,3.835227272727273
adversarial,Daegu,ASORT_LCLASDC,4.0,34,2.414772727272727
adversarial,Daegu,ASORT_LCLASDC,3.0,19,1.3494318181818181
adversarial,Daegu,ASORT_LCLASDC,8.0,4,0.2840909090909091
adversarial,Daegu,ASORT_MLSFCDC,2.0,564,40.05681818181818
adversarial,Daegu,ASORT_MLSFCDC,1.0,319,22.65625
adversarial,Daegu,ASORT_MLSFCDC,3.0,293,20.80965909090909
adversarial,Daegu,ASORT_MLSFCDC,5.0,232,16.477272727272727
adversarial,Daegu,ASORT_SDASDC,3.0,345,24.50284090909091
adversarial,Daegu,ASORT_SDASDC,2.0,325,23.082386363636363
adversarial,Daegu,ASORT_SDASDC,6.0,214,15.198863636363635
adversarial,Daegu,ASORT_SDASDC,5.0,108,7.670454545454546
adversarial,Daegu,ASORT_SDASDC,1.0,96,6.8181818181818175
adversarial,Daegu,ASORT_SDASDC,23.0,85,6.036931818181818
adversarial,Daegu,ASORT_SDASDC,27.0,73,5.184659090909091
adversarial,Daegu,ASORT_SDASDC,9.0,57,4.048295454545454
adversarial,Daegu,ASORT_SDASDC,26.0,55,3.90625
adversarial,Daegu,ASORT_SDASDC,8.0,20,1.4204545454545454
adversarial,Daegu,ASORT_SDASDC,7.0,18,1.278409090909091
adversarial,Daegu,ASORT_SDASDC,11.0,8,0.5681818181818182
adversarial,Daegu,ASORT_SDASDC,12.0,2,0.14204545454545456
adversarial,Daegu,ASORT_SDASDC,10.0,2,0.14204545454545456
adversarial,Daejeon,ASORT_LCLASDC,7.0,668,47.44318181818182
adversarial,Daejeon,ASORT_LCLASDC,6.0,278,19.744318181818183
adversarial,Daejeon,ASORT_LCLASDC,4.0,202,14.346590909090908
adversarial,Daejeon,ASORT_LCLASDC,1.0,137,9.730113636363637
adversarial,Daejeon,ASORT_LCLASDC,2.0,60,4.261363636363636
adversarial,Daejeon,ASORT_LCLASDC,5.0,51,3.6221590909090913
adversarial,Daejeon,ASORT_LCLASDC,3.0,11,0.78125
adversarial,Daejeon,ASORT_LCLASDC,8.0,1,0.07102272727272728
adversarial,Daejeon,ASORT_MLSFCDC,4.0,767,54.47443181818182
adversarial,Daejeon,ASORT_MLSFCDC,1.0,282,20.02840909090909
adversarial,Daejeon,ASORT_MLSFCDC,3.0,263,18.678977272727273
adversarial,Daejeon,ASORT_MLSFCDC,2.0,96,6.8181818181818175
adversarial,Daejeon,ASORT_SDASDC,3.0,380,26.988636363636363
adversarial,Daejeon,ASORT_SDASDC,11.0,314,22.301136363636363
adversarial,Daejeon,ASORT_SDASDC,2.0,244,17.329545454545457
adversarial,Daejeon,ASORT_SDASDC,1.0,243,17.258522727272727
adversarial,Daejeon,ASORT_SDASDC,12.0,68,4.829545454545454
adversarial,Daejeon,ASORT_SDASDC,26.0,45,3.196022727272727
adversarial,Daejeon,ASORT_SDASDC,8.0,40,2.840909090909091
adversarial,Daejeon,ASORT_SDASDC,5.0,24,1.7045454545454544
adversarial,Daejeon,ASORT_SDASDC,6.0,19,1.3494318181818181
adversarial,Daejeon,ASORT_SDASDC,27.0,12,0.8522727272727272
adversarial,Daejeon,ASORT_SDASDC,9.0,7,0.4971590909090909
adversarial,Daejeon,ASORT_SDASDC,23.0,7,0.4971590909090909
adversarial,Daejeon,ASORT_SDASDC,4.0,5,0.35511363636363635
adversarial,Gangwon,ASORT_LCLASDC,6.0,1105,78.48011363636364
adversarial,Gangwon,ASORT_LCLASDC,5.0,209,14.84375
adversarial,Gangwon,ASORT_LCLASDC,3.0,35,2.4857954545454546
adversarial,Gangwon,ASORT_LCLASDC,1.0,32,2.272727272727273
adversarial,Gangwon,ASORT_LCLASDC,4.0,19,1.3494318181818181
adversarial,Gangwon,ASORT_LCLASDC,7.0,7,0.4971590909090909
adversarial,Gangwon,ASORT_LCLASDC,2.0,1,0.07102272727272728
adversarial,Gangwon,ASORT_MLSFCDC,3.0,1046,74.28977272727273
adversarial,Gangwon,ASORT_MLSFCDC,1.0,289,20.525568181818183
adversarial,Gangwon,ASORT_MLSFCDC,2.0,69,4.900568181818182
adversarial,Gangwon,ASORT_MLSFCDC,5.0,4,0.2840909090909091
adversarial,Gangwon,ASORT_SDASDC,27.0,732,51.98863636363637
adversarial,Gangwon,ASORT_SDASDC,26.0,263,18.678977272727273
adversarial,Gangwon,ASORT_SDASDC,5.0,118,8.380681818181818
adversarial,Gangwon,ASORT_SDASDC,1.0,118,8.380681818181818
adversarial,Gangwon,ASORT_SDASDC,3.0,71,5.042613636363636
adversarial,Gangwon,ASORT_SDASDC,23.0,49,3.4801136363636362
adversarial,Gangwon,ASORT_SDASDC,6.0,26,1.8465909090909092
adversarial,Gangwon,ASORT_SDASDC,7.0,12,0.8522727272727272
adversarial,Gangwon,ASORT_SDASDC,2.0,12,0.8522727272727272
adversarial,Gangwon,ASORT_SDASDC,9.0,4,0.2840909090909091
adversarial,Gangwon,ASORT_SDASDC,4.0,2,0.14204545454545456
adversarial,Gangwon,ASORT_SDASDC,8.0,1,0.07102272727272728
adversarial,Gwangju,ASORT_LCLASDC,7.0,1006,71.44886363636364
adversarial,Gwangju,ASORT_LCLASDC,6.0,333,23.650568181818183
adversarial,Gwangju,ASORT_LCLASDC,5.0,42,2.9829545454545454
adversarial,Gwangju,ASORT_LCLASDC,2.0,11,0.78125
adversarial,Gwangju,ASORT_LCLASDC,1.0,8,0.5681818181818182
adversarial,Gwangju,ASORT_LCLASDC,4.0,6,0.4261363636363636
adversarial,Gwangju,ASORT_LCLASDC,3.0,2,0.14204545454545456
adversarial,Gwangju,ASORT_MLSFCDC,1.0,746,52.98295454545454
adversarial,Gwangju,ASORT_MLSFCDC,3.0,476,33.80681818181818
adversarial,Gwangju,ASORT_MLSFCDC,4.0,118,8.380681818181818
adversarial,Gwangju,ASORT_MLSFCDC,2.0,68,4.829545454545454
adversarial,Gwangju,ASORT_SDASDC,1.0,846,60.08522727272727
adversarial,Gwangju,ASORT_SDASDC,26.0,259,18.394886363636363
adversarial,Gwangju,ASORT_SDASDC,8.0,153,10.866477272727272
adversarial,Gwangju,ASORT_SDASDC,27.0,65,4.6164772727272725
adversarial,Gwangju,ASORT_SDASDC,12.0,36,2.556818181818182
adversarial,Gwangju,ASORT_SDASDC,2.0,17,1.2073863636363635
adversarial,Gwangju,ASORT_SDASDC,3.0,17,1.2073863636363635
adversarial,Gwangju,ASORT_SDASDC,5.0,6,0.4261363636363636
adversarial,Gwangju,ASORT_SDASDC,6.0,5,0.35511363636363635
adversarial,Gwangju,ASORT_SDASDC,4.0,3,0.2130681818181818
adversarial,Gwangju,ASORT_SDASDC,23.0,1,0.07102272727272728
adversarial,Gyeongbuk,ASORT_LCLASDC,6.0,708,50.28409090909091
adversarial,Gyeongbuk,ASORT_LCLASDC,4.0,282,20.02840909090909
adversarial,Gyeongbuk,ASORT_LCLASDC,5.0,128,9.090909090909092
adversarial,Gyeongbuk,ASORT_LCLASDC,7.0,120,8.522727272727272
adversarial,Gyeongbuk,ASORT_LCLASDC,1.0,56,3.977272727272727
adversarial,Gyeongbuk,ASORT_LCLASDC,2.0,55,3.90625
adversarial,Gyeongbuk,ASORT_LCLASDC,8.0,34,2.414772727272727
adversarial,Gyeongbuk,ASORT_LCLASDC,3.0,25,1.7755681818181819
adversarial,Gyeongbuk,ASORT_MLSFCDC,3.0,775,55.04261363636363
adversarial,Gyeongbuk,ASORT_MLSFCDC,1.0,489,34.73011363636363
adversarial,Gyeongbuk,ASORT_MLSFCDC,2.0,108,7.670454545454546
adversarial,Gyeongbuk,ASORT_MLSFCDC,4.0,21,1.4914772727272727
adversarial,Gyeongbuk,ASORT_MLSFCDC,5.0,15,1.065340909090909
adversarial,Gyeongbuk,ASORT_SDASDC,23.0,411,29.19034090909091
adversarial,Gyeongbuk,ASORT_SDASDC,11.0,288,20.454545454545457
adversarial,Gyeongbuk,ASORT_SDASDC,26.0,171,12.144886363636363
adversarial,Gyeongbuk,ASORT_SDASDC,2.0,102,7.2443181818181825
adversarial,Gyeongbuk,ASORT_SDASDC,27.0,88,6.25
adversarial,Gyeongbuk,ASORT_SDASDC,1.0,88,6.25
adversarial,Gyeongbuk,ASORT_SDASDC,5.0,84,5.965909090909091
adversarial,Gyeongbuk,ASORT_SDASDC,3.0,53,3.7642045454545454
adversarial,Gyeongbuk,ASORT_SDASDC,6.0,43,3.053977272727273
adversarial,Gyeongbuk,ASORT_SDASDC,4.0,25,1.7755681818181819
adversarial,Gyeongbuk,ASORT_SDASDC,7.0,23,1.6335227272727273
adversarial,Gyeongbuk,ASORT_SDASDC,8.0,14,0.9943181818181818
adversarial,Gyeongbuk,ASORT_SDASDC,9.0,9,0.6392045454545455
adversarial,Gyeongbuk,ASORT_SDASDC,12.0,7,0.4971590909090909
adversarial,Gyeongbuk,ASORT_SDASDC,13.0,2,0.14204545454545456
adversarial,Gyeonggi,ASORT_LCLASDC,7.0,403,28.62215909090909
adversarial,Gyeonggi,ASORT_LCLASDC,6.0,284,20.170454545454543
adversarial,Gyeonggi,ASORT_LCLASDC,5.0,234,16.619318181818183
adversarial,Gyeonggi,ASORT_LCLASDC,4.0,210,14.914772727272727
adversarial,Gyeonggi,ASORT_LCLASDC,1.0,113,8.025568181818182
adversarial,Gyeonggi,ASORT_LCLASDC,3.0,63,4.474431818181818
adversarial,Gyeonggi,ASORT_LCLASDC,8.0,61,4.332386363636364
adversarial,Gyeonggi,ASORT_LCLASDC,2.0,40,2.840909090909091
adversarial,Gyeonggi,ASORT_MLSFCDC,3.0,412,29.261363636363637
adversarial,Gyeonggi,ASORT_MLSFCDC,2.0,403,28.62215909090909
adversarial,Gyeonggi,ASORT_MLSFCDC,1.0,374,26.5625
adversarial,Gyeonggi,ASORT_MLSFCDC,4.0,195,13.849431818181818
adversarial,Gyeonggi,ASORT_MLSFCDC,5.0,24,1.7045454545454544
adversarial,Gyeonggi,ASORT_SDASDC,3.0,225,15.980113636363635
adversarial,Gyeonggi,ASORT_SDASDC,2.0,214,15.198863636363635
adversarial,Gyeonggi,ASORT_SDASDC,1.0,206,14.630681818181818
adversarial,Gyeonggi,ASORT_SDASDC,12.0,183,12.997159090909092
adversarial,Gyeonggi,ASORT_SDASDC,11.0,146,10.369318181818182
adversarial,Gyeonggi,ASORT_SDASDC,23.0,90,6.392045454545454
adversarial,Gyeonggi,ASORT_SDASDC,5.0,60,4.261363636363636
adversarial,Gyeonggi,ASORT_SDASDC,26.0,52,3.6931818181818183
adversarial,Gyeonggi,ASORT_SDASDC,9.0,42,2.9829545454545454
adversarial,Gyeonggi,ASORT_SDASDC,13.0,39,2.7698863636363638
adversarial,Gyeonggi,ASORT_SDASDC,4.0,33,2.34375
adversarial,Gyeonggi,ASORT_SDASDC,8.0,30,2.130681818181818
adversarial,Gyeonggi,ASORT_SDASDC,10.0,29,2.059659090909091
adversarial,Gyeonggi,ASORT_SDASDC,27.0,26,1.8465909090909092
adversarial,Gyeonggi,ASORT_SDASDC,6.0,19,1.3494318181818181
adversarial,Gyeonggi,ASORT_SDASDC,7.0,14,0.9943181818181818
adversarial,Gyeongnam,ASORT_LCLASDC,6.0,1089,77.39872068230277
adversarial,Gyeongnam,ASORT_LCLASDC,7.0,132,9.381663113006397
adversarial,Gyeongnam,ASORT_LCLASDC,1.0,71,5.046197583511016
adversarial,Gyeongnam,ASORT_LCLASDC,3.0,63,4.477611940298507
adversarial,Gyeongnam,ASORT_LCLASDC,4.0,36,2.55863539445629
adversarial,Gyeongnam,ASORT_LCLASDC,5.0,10,0.7107320540156361
adversarial,Gyeongnam,ASORT_LCLASDC,2.0,3,0.21321961620469082
adversarial,Gyeongnam,ASORT_LCLASDC,8.0,3,0.21321961620469082
adversarial,Gyeongnam,ASORT_MLSFCDC,3.0,783,55.65031982942431
adversarial,Gyeongnam,ASORT_MLSFCDC,5.0,209,14.854299928926796
adversarial,Gyeongnam,ASORT_MLSFCDC,2.0,197,14.001421464108033
adversarial,Gyeongnam,ASORT_MLSFCDC,1.0,190,13.503909026297087
adversarial,Gyeongnam,ASORT_MLSFCDC,4.0,28,1.9900497512437811
adversarial,Gyeongnam,ASORT_SDASDC,23.0,546,38.80597014925373
adversarial,Gyeongnam,ASORT_SDASDC,3.0,277,19.68727789623312
adversarial,Gyeongnam,ASORT_SDASDC,26.0,180,12.79317697228145
adversarial,Gyeongnam,ASORT_SDASDC,1.0,172,12.224591329068941
adversarial,Gyeongnam,ASORT_SDASDC,5.0,59,4.193319118692253
adversarial,Gyeongnam,ASORT_SDASDC,9.0,49,3.482587064676617
adversarial,Gyeongnam,ASORT_SDASDC,4.0,35,2.4875621890547266
adversarial,Gyeongnam,ASORT_SDASDC,2.0,24,1.7057569296375266
adversarial,Gyeongnam,ASORT_SDASDC,6.0,24,1.7057569296375266
adversarial,Gyeongnam,ASORT_SDASDC,27.0,14,0.9950248756218906
adversarial,Gyeongnam,ASORT_SDASDC,12.0,12,0.8528784648187633
adversarial,Gyeongnam,ASORT_SDASDC,7.0,10,0.7107320540156361
adversarial,Gyeongnam,ASORT_SDASDC,11.0,3,0.21321961620469082
adversarial,Gyeongnam,ASORT_SDASDC,10.0,2,0.14214641080312723
adversarial,Incheon,ASORT_LCLASDC,4.0,586,41.64889836531628
adversarial,Incheon,ASORT_LCLASDC,7.0,278,19.758351101634684
adversarial,Incheon,ASORT_LCLASDC,6.0,244,17.34186211798152
adversarial,Incheon,ASORT_LCLASDC,2.0,114,8.102345415778252
adversarial,Incheon,ASORT_LCLASDC,5.0,72,5.11727078891258
adversarial,Incheon,ASORT_LCLASDC,3.0,60,4.264392324093817
adversarial,Incheon,ASORT_LCLASDC,8.0,41,2.9140014214641083
adversarial,Incheon,ASORT_LCLASDC,1.0,12,0.8528784648187633
adversarial,Incheon,ASORT_MLSFCDC,1.0,826,58.70646766169154
adversarial,Incheon,ASORT_MLSFCDC,2.0,325,23.098791755508174
adversarial,Incheon,ASORT_MLSFCDC,3.0,245,17.412935323383085
adversarial,Incheon,ASORT_MLSFCDC,4.0,11,0.7818052594171997
adversarial,Incheon,ASORT_SDASDC,11.0,573,40.72494669509595
adversarial,Incheon,ASORT_SDASDC,3.0,303,21.535181236673772
adversarial,Incheon,ASORT_SDASDC,12.0,169,12.011371712864252
adversarial,Incheon,ASORT_SDASDC,13.0,103,7.320540156361052
adversarial,Incheon,ASORT_SDASDC,5.0,92,6.538734896943852
adversarial,Incheon,ASORT_SDASDC,9.0,75,5.330490405117271
adversarial,Incheon,ASORT_SDASDC,1.0,34,2.4164889836531627
adversarial,Incheon,ASORT_SDASDC,2.0,22,1.5636105188343994
adversarial,Incheon,ASORT_SDASDC,6.0,19,1.3503909026297085
adversarial,Incheon,ASORT_SDASDC,27.0,9,0.6396588486140725
adversarial,Incheon,ASORT_SDASDC,4.0,8,0.5685856432125089
adversarial,Jeju,ASORT_LCLASDC,6.0,1234,87.7043354655295
adversarial,Jeju,ASORT_LCLASDC,1.0,169,12.011371712864252
adversarial,Jeju,ASORT_LCLASDC,5.0,3,0.21321961620469082
adversarial,Jeju,ASORT_LCLASDC,4.0,1,0.07107320540156362
adversarial,Jeju,ASORT_MLSFCDC,5.0,1396,99.2181947405828
adversarial,Jeju,ASORT_MLSFCDC,2.0,7,0.4975124378109453
adversarial,Jeju,ASORT_MLSFCDC,1.0,4,0.28429282160625446
adversarial,Jeju,ASORT_SDASDC,3.0,1227,87.20682302771856
adversarial,Jeju,ASORT_SDASDC,2.0,162,11.513859275053305
adversarial,Jeju,ASORT_SDASDC,1.0,10,0.7107320540156361
adversarial,Jeju,ASORT_SDASDC,6.0,5,0.35536602700781805
adversarial,Jeju,ASORT_SDASDC,5.0,3,0.21321961620469082
adversarial,Jeonbuk,ASORT_LCLASDC,6.0,668,47.47690120824449
adversarial,Jeonbuk,ASORT_LCLASDC,7.0,359,25.515280739161334
adversarial,Jeonbuk,ASORT_LCLASDC,5.0,185,13.148542999289267
adversarial,Jeonbuk,ASORT_LCLASDC,1.0,85,6.041222459132907
adversarial,Jeonbuk,ASORT_LCLASDC,3.0,66,4.690831556503198
adversarial,Jeonbuk,ASORT_LCLASDC,2.0,40,2.8429282160625444
adversarial,Jeonbuk,ASORT_LCLASDC,4.0,4,0.28429282160625446
adversarial,Jeonbuk,ASORT_MLSFCDC,3.0,612,43.49680170575693
adversarial,Jeonbuk,ASORT_MLSFCDC,4.0,324,23.02771855010661
adversarial,Jeonbuk,ASORT_MLSFCDC,2.0,270,19.189765458422176
adversarial,Jeonbuk,ASORT_MLSFCDC,1.0,199,14.14356787491116
adversarial,Jeonbuk,ASORT_MLSFCDC,5.0,2,0.14214641080312723
adversarial,Jeonbuk,ASORT_SDASDC,3.0,365,25.94171997157072
adversarial,Jeonbuk,ASORT_SDASDC,26.0,350,24.875621890547265
adversarial,Jeonbuk,ASORT_SDASDC,27.0,157,11.158493248045486
adversarial,Jeonbuk,ASORT_SDASDC,12.0,119,8.45771144278607
adversarial,Jeonbuk,ASORT_SDASDC,2.0,102,7.249466950959488
adversarial,Jeonbuk,ASORT_SDASDC,1.0,92,6.538734896943852
adversarial,Jeonbuk,ASORT_SDASDC,23.0,70,4.975124378109453
adversarial,Jeonbuk,ASORT_SDASDC,8.0,60,4.264392324093817
adversarial,Jeonbuk,ASORT_SDASDC,6.0,51,3.624733475479744
adversarial,Jeonbuk,ASORT_SDASDC,5.0,28,1.9900497512437811
adversarial,Jeonbuk,ASORT_SDASDC,11.0,8,0.5685856432125089
adversarial,Jeonbuk,ASORT_SDASDC,4.0,3,0.21321961620469082
adversarial,Jeonbuk,ASORT_SDASDC,10.0,1,0.07107320540156362
adversarial,Jeonbuk,ASORT_SDASDC,13.0,1,0.07107320540156362
adversarial,Jeonnam,ASORT_LCLASDC,6.0,503,35.749822316986496
adversarial,Jeonnam,ASORT_LCLASDC,1.0,388,27.57640369580668
adversarial,Jeonnam,ASORT_LCLASDC,7.0,330,23.454157782515992
adversarial,Jeonnam,ASORT_LCLASDC,2.0,67,4.761904761904762
adversarial,Jeonnam,ASORT_LCLASDC,4.0,57,4.051172707889126
adversarial,Jeonnam,ASORT_LCLASDC,3.0,32,2.2743425728500357
adversarial,Jeonnam,ASORT_LCLASDC,8.0,19,1.3503909026297085
adversarial,Jeonnam,ASORT_LCLASDC,5.0,11,0.7818052594171997
adversarial,Jeonnam,ASORT_MLSFCDC,5.0,494,35.11016346837243
adversarial,Jeonnam,ASORT_MLSFCDC,3.0,357,25.37313432835821
adversarial,Jeonnam,ASORT_MLSFCDC,4.0,255,18.123667377398718
adversarial,Jeonnam,ASORT_MLSFCDC,1.0,156,11.087420042643924
adversarial,Jeonnam,ASORT_MLSFCDC,2.0,145,10.305614783226725
adversarial,Jeonnam,ASORT_SDASDC,1.0,490,34.82587064676617
adversarial,Jeonnam,ASORT_SDASDC,27.0,252,17.91044776119403
adversarial,Jeonnam,ASORT_SDASDC,2.0,240,17.057569296375267
adversarial,Jeonnam,ASORT_SDASDC,3.0,143,10.163468372423596
adversarial,Jeonnam,ASORT_SDASDC,4.0,139,9.879175550817342
adversarial,Jeonnam,ASORT_SDASDC,8.0,49,3.482587064676617
adversarial,Jeonnam,ASORT_SDASDC,12.0,19,1.3503909026297085
adversarial,Jeonnam,ASORT_SDASDC,11.0,19,1.3503909026297085
adversarial,Jeonnam,ASORT_SDASDC,23.0,15,1.0660980810234542
adversarial,Jeonnam,ASORT_SDASDC,26.0,13,0.9239516702203269
adversarial,Jeonnam,ASORT_SDASDC,5.0,11,0.7818052594171997
adversarial,Jeonnam,ASORT_SDASDC,9.0,11,0.7818052594171997
adversarial,Jeonnam,ASORT_SDASDC,7.0,2,0.14214641080312723
adversarial,Jeonnam,ASORT_SDASDC,13.0,2,0.14214641080312723
adversarial,Jeonnam,ASORT_SDASDC,6.0,2,0.14214641080312723
adversarial,Sejong,ASORT_LCLASDC,7.0,487,37.98751950078003
adversarial,Sejong,ASORT_LCLASDC,6.0,341,26.5990639625585
adversarial,Sejong,ASORT_LCLASDC,4.0,208,16.22464898595944
adversarial,Sejong,ASORT_LCLASDC,2.0,106,8.268330733229329
adversarial,Sejong,ASORT_LCLASDC,5.0,69,5.382215288611544
adversarial,Sejong,ASORT_LCLASDC,3.0,36,2.80811232449298
adversarial,Sejong,ASORT_LCLASDC,1.0,34,2.65210608424337
adversarial,Sejong,ASORT_LCLASDC,8.0,1,0.078003120124805
adversarial,Sejong,ASORT_MLSFCDC,4.0,499,38.92355694227769
adversarial,Sejong,ASORT_MLSFCDC,1.0,367,28.627145085803434
adversarial,Sejong,ASORT_MLSFCDC,3.0,242,18.876755070202808
adversarial,Sejong,ASORT_MLSFCDC,2.0,174,13.57254290171607
adversarial,Sejong,ASORT_SDASDC,1.0,405,31.59126365054602
adversarial,Sejong,ASORT_SDASDC,3.0,313,24.414976599063962
adversarial,Sejong,ASORT_SDASDC,11.0,173,13.494539781591264
adversarial,Sejong,ASORT_SDASDC,26.0,150,11.700468018720748
adversarial,Sejong,ASORT_SDASDC,12.0,56,4.368174726989079
adversarial,Sejong,ASORT_SDASDC,2.0,49,3.8221528861154446
adversarial,Sejong,ASORT_SDASDC,27.0,47,3.6661466458658345
adversarial,Sejong,ASORT_SDASDC,6.0,23,1.794071762870515
adversarial,Sejong,ASORT_SDASDC,13.0,22,1.71606864274571
adversarial,Sejong,ASORT_SDASDC,7.0,14,1.0920436817472698
adversarial,Sejong,ASORT_SDASDC,8.0,9,0.702028081123245
adversarial,Sejong,ASORT_SDASDC,4.0,7,0.5460218408736349
adversarial,Sejong,ASORT_SDASDC,23.0,6,0.46801872074883
adversarial,Sejong,ASORT_SDASDC,9.0,3,0.234009360374415
adversarial,Sejong,ASORT_SDASDC,10.0,3,0.234009360374415
adversarial,Sejong,ASORT_SDASDC,5.0,2,0.15600624024961
adversarial,Seoul,ASORT_LCLASDC,7.0,704,50.03553660270078
adversarial,Seoul,ASORT_LCLASDC,4.0,289,20.540156361051885
adversarial,Seoul,ASORT_LCLASDC,3.0,133,9.45273631840796
adversarial,Seoul,ASORT_LCLASDC,6.0,112,7.960199004975125
adversarial,Seoul,ASORT_LCLASDC,2.0,74,5.259417199715707
adversarial,Seoul,ASORT_LCLASDC,5.0,48,3.411513859275053
adversarial,Seoul,ASORT_LCLASDC,8.0,36,2.55863539445629
adversarial,Seoul,ASORT_LCLASDC,1.0,11,0.7818052594171997
adversarial,Seoul,ASORT_MLSFCDC,1.0,528,37.52665245202559
adversarial,Seoul,ASORT_MLSFCDC,4.0,423,30.06396588486141
adversarial,Seoul,ASORT_MLSFCDC,3.0,215,15.280739161336177
adversarial,Seoul,ASORT_MLSFCDC,2.0,198,14.072494669509595
adversarial,Seoul,ASORT_MLSFCDC,5.0,43,3.0561478322672353
adversarial,Seoul,ASORT_SDASDC,3.0,471,33.47547974413646
adversarial,Seoul,ASORT_SDASDC,11.0,212,15.067519545131486
adversarial,Seoul,ASORT_SDASDC,2.0,202,14.356787491115849
adversarial,Seoul,ASORT_SDASDC,1.0,194,13.78820184790334
adversarial,Seoul,ASORT_SDASDC,13.0,86,6.112295664534471
adversarial,Seoul,ASORT_SDASDC,6.0,69,4.904051172707889
adversarial,Seoul,ASORT_SDASDC,8.0,66,4.690831556503198
adversarial,Seoul,ASORT_SDASDC,4.0,54,3.8379530916844353
adversarial,Seoul,ASORT_SDASDC,5.0,11,0.7818052594171997
adversarial,Seoul,ASORT_SDASDC,9.0,11,0.7818052594171997
adversarial,Seoul,ASORT_SDASDC,10.0,10,0.7107320540156361
adversarial,Seoul,ASORT_SDASDC,26.0,8,0.5685856432125089
adversarial,Seoul,ASORT_SDASDC,23.0,7,0.4975124378109453
adversarial,Seoul,ASORT_SDASDC,7.0,6,0.42643923240938164
adversarial,Ulsan,ASORT_LCLASDC,6.0,1223,86.9225302061123
adversarial,Ulsan,ASORT_LCLASDC,7.0,103,7.320540156361052
adversarial,Ulsan,ASORT_LCLASDC,1.0,45,3.1982942430703627
adversarial,Ulsan,ASORT_LCLASDC,4.0,26,1.8479033404406537
adversarial,Ulsan,ASORT_LCLASDC,5.0,4,0.28429282160625446
adversarial,Ulsan,ASORT_LCLASDC,3.0,3,0.21321961620469082
adversarial,Ulsan,ASORT_LCLASDC,8.0,2,0.14214641080312723
adversarial,Ulsan,ASORT_LCLASDC,2.0,1,0.07107320540156362
adversarial,Ulsan,ASORT_MLSFCDC,5.0,1014,72.06823027718549
adversarial,Ulsan,ASORT_MLSFCDC,3.0,347,24.662402274342572
adversarial,Ulsan,ASORT_MLSFCDC,1.0,30,2.1321961620469083
adversarial,Ulsan,ASORT_MLSFCDC,2.0,12,0.8528784648187633
adversarial,Ulsan,ASORT_MLSFCDC,4.0,4,0.28429282160625446
adversarial,Ulsan,ASORT_SDASDC,3.0,974,69.22530206112296
adversarial,Ulsan,ASORT_SDASDC,23.0,250,17.768301350390903
adversarial,Ulsan,ASORT_SDASDC,8.0,94,6.680881307746979
adversarial,Ulsan,ASORT_SDASDC,1.0,51,3.624733475479744
adversarial,Ulsan,ASORT_SDASDC,12.0,18,1.279317697228145
adversarial,Ulsan,ASORT_SDASDC,2.0,10,0.7107320540156361
adversarial,Ulsan,ASORT_SDASDC,5.0,5,0.35536602700781805
adversarial,Ulsan,ASORT_SDASDC,7.0,2,0.14214641080312723
adversarial,Ulsan,ASORT_SDASDC,10.0,1,0.07107320540156362
adversarial,Ulsan,ASORT_SDASDC,13.0,1,0.07107320540156362
adversarial,Ulsan,ASORT_SDASDC,6.0,1,0.07107320540156362
clean,Busan,ASORT_LCLASDC,5.0,391,27.809388335704128
clean,Busan,ASORT_LCLASDC,7.0,319,22.688477951635846
clean,Busan,ASORT_LCLASDC,8.0,310,22.04836415362731
clean,Busan,ASORT_LCLASDC,4.0,197,14.011379800853485
clean,Busan,ASORT_LCLASDC,3.0,138,9.815078236130867
clean,Busan,ASORT_LCLASDC,2.0,26,1.849217638691323
clean,Busan,ASORT_LCLASDC,1.0,20,1.422475106685633
clean,Busan,ASORT_LCLASDC,6.0,5,0.35561877667140823
clean,Busan,ASORT_MLSFCDC,2.0,733,52.13371266002845
clean,Busan,ASORT_MLSFCDC,1.0,426,30.29871977240398
clean,Busan,ASORT_MLSFCDC,3.0,242,17.21194879089616
clean,Busan,ASORT_MLSFCDC,4.0,5,0.35561877667140823
clean,Busan,ASORT_SDASDC,3.0,637,45.305832147937416
clean,Busan,ASORT_SDASDC,1.0,328,23.32859174964438
clean,Busan,ASORT_SDASDC,2.0,243,17.28307254623044
clean,Busan,ASORT_SDASDC,7.0,52,3.698435277382646
clean,Busan,ASORT_SDASDC,6.0,51,3.627311522048364
clean,Busan,ASORT_SDASDC,4.0,43,3.058321479374111
clean,Busan,ASORT_SDASDC,10.0,23,1.6358463726884778
clean,Busan,ASORT_SDASDC,5.0,18,1.2802275960170697
clean,Busan,ASORT_SDASDC,13.0,10,0.7112375533428165
clean,Busan,ASORT_SDASDC,9.0,1,0.07112375533428165
clean,Chungbuk,ASORT_LCLASDC,7.0,440,31.272210376687987
clean,Chungbuk,ASORT_LCLASDC,5.0,334,23.738450604122246
clean,Chungbuk,ASORT_LCLASDC,8.0,259,18.407960199004975
clean,Chungbuk,ASORT_LCLASDC,4.0,181,12.864250177683015
clean,Chungbuk,ASORT_LCLASDC,3.0,134,9.523809523809524
clean,Chungbuk,ASORT_LCLASDC,2.0,30,2.1321961620469083
clean,Chungbuk,ASORT_LCLASDC,1.0,21,1.4925373134328357
clean,Chungbuk,ASORT_LCLASDC,6.0,8,0.5685856432125089
clean,Chungbuk,ASORT_MLSFCDC,2.0,615,43.71002132196162
clean,Chungbuk,ASORT_MLSFCDC,1.0,548,38.94811656005686
clean,Chungbuk,ASORT_MLSFCDC,3.0,239,16.986496090973702
clean,Chungbuk,ASORT_MLSFCDC,4.0,5,0.35536602700781805
clean,Chungbuk,ASORT_SDASDC,3.0,616,43.78109452736319
clean,Chungbuk,ASORT_SDASDC,1.0,395,28.073916133617626
clean,Chungbuk,ASORT_SDASDC,2.0,175,12.437810945273633
clean,Chungbuk,ASORT_SDASDC,6.0,72,5.11727078891258
clean,Chungbuk,ASORT_SDASDC,7.0,70,4.975124378109453
clean,Chungbuk,ASORT_SDASDC,13.0,24,1.7057569296375266
clean,Chungbuk,ASORT_SDASDC,4.0,23,1.634683724235963
clean,Chungbuk,ASORT_SDASDC,5.0,12,0.8528784648187633
clean,Chungbuk,ASORT_SDASDC,10.0,12,0.8528784648187633
clean,Chungbuk,ASORT_SDASDC,9.0,6,0.42643923240938164
clean,Chungbuk,ASORT_SDASDC,8.0,2,0.14214641080312723
clean,Chungnam,ASORT_LCLASDC,7.0,478,33.94886363636363
clean,Chungnam,ASORT_LCLASDC,5.0,356,25.28409090909091
clean,Chungnam,ASORT_LCLASDC,4.0,215,15.269886363636365
clean,Chungnam,ASORT_LCLASDC,8.0,200,14.204545454545455
clean,Chungnam,ASORT_LCLASDC,3.0,105,7.457386363636363
clean,Chungnam,ASORT_LCLASDC,2.0,43,3.053977272727273
clean,Chungnam,ASORT_LCLASDC,1.0,7,0.4971590909090909
clean,Chungnam,ASORT_LCLASDC,6.0,4,0.2840909090909091
clean,Chungnam,ASORT_MLSFCDC,2.0,667,47.372159090909086
clean,Chungnam,ASORT_MLSFCDC,1.0,491,34.872159090909086
clean,Chungnam,ASORT_MLSFCDC,3.0,247,17.542613636363637
clean,Chungnam,ASORT_MLSFCDC,4.0,3,0.2130681818181818
clean,Chungnam,ASORT_SDASDC,3.0,621,44.10511363636363
clean,Chungnam,ASORT_SDASDC,1.0,431,30.610795454545453
clean,Chungnam,ASORT_SDASDC,2.0,147,10.440340909090908
clean,Chungnam,ASORT_SDASDC,6.0,69,4.900568181818182
clean,Chungnam,ASORT_SDASDC,7.0,52,3.6931818181818183
clean,Chungnam,ASORT_SDASDC,4.0,32,2.272727272727273
clean,Chungnam,ASORT_SDASDC,13.0,21,1.4914772727272727
clean,Chungnam,ASORT_SDASDC,5.0,13,0.9232954545454546
clean,Chungnam,ASORT_SDASDC,10.0,12,0.8522727272727272
clean,Chungnam,ASORT_SDASDC,9.0,6,0.4261363636363636
clean,Chungnam,ASORT_SDASDC,8.0,4,0.2840909090909091
clean,Daegu,ASORT_LCLASDC,8.0,455,32.315340909090914
clean,Daegu,ASORT_LCLASDC,7.0,334,23.72159090909091
clean,Daegu,ASORT_LCLASDC,4.0,259,18.394886363636363
clean,Daegu,ASORT_LCLASDC,5.0,158,11.221590909090908
clean,Daegu,ASORT_LCLASDC,3.0,149,10.582386363636363
clean,Daegu,ASORT_LCLASDC,2.0,37,2.627840909090909
clean,Daegu,ASORT_LCLASDC,1.0,11,0.78125
clean,Daegu,ASORT_LCLASDC,6.0,5,0.35511363636363635
clean,Daegu,ASORT_MLSFCDC,2.0,602,42.75568181818182
clean,Daegu,ASORT_MLSFCDC,1.0,584,41.47727272727273
clean,Daegu,ASORT_MLSFCDC,3.0,216,15.340909090909092
clean,Daegu,ASORT_MLSFCDC,4.0,6,0.4261363636363636
clean,Daegu,ASORT_SDASDC,3.0,596,42.32954545454545
clean,Daegu,ASORT_SDASDC,1.0,373,26.49147727272727
clean,Daegu,ASORT_SDASDC,2.0,242,17.1875
clean,Daegu,ASORT_SDASDC,4.0,48,3.4090909090909087
clean,Daegu,ASORT_SDASDC,6.0,46,3.2670454545454546
clean,Daegu,ASORT_SDASDC,7.0,39,2.7698863636363638
clean,Daegu,ASORT_SDASDC,5.0,26,1.8465909090909092
clean,Daegu,ASORT_SDASDC,10.0,17,1.2073863636363635
clean,Daegu,ASORT_SDASDC,13.0,15,1.065340909090909
clean,Daegu,ASORT_SDASDC,8.0,5,0.35511363636363635
clean,Daegu,ASORT_SDASDC,11.0,1,0.07102272727272728
clean,Daejeon,ASORT_LCLASDC,8.0,514,36.50568181818182
clean,Daejeon,ASORT_LCLASDC,7.0,278,19.744318181818183
clean,Daejeon,ASORT_LCLASDC,4.0,203,14.417613636363635
clean,Daejeon,ASORT_LCLASDC,5.0,197,13.991477272727273
clean,Daejeon,ASORT_LCLASDC,3.0,160,11.363636363636363
clean,Daejeon,ASORT_LCLASDC,2.0,46,3.2670454545454546
clean,Daejeon,ASORT_LCLASDC,1.0,9,0.6392045454545455
clean,Daejeon,ASORT_LCLASDC,6.0,1,0.07102272727272728
clean,Daejeon,ASORT_MLSFCDC,1.0,685,48.65056818181818
clean,Daejeon,ASORT_MLSFCDC,2.0,484,34.375
clean,Daejeon,ASORT_MLSFCDC,3.0,237,16.832386363636363
clean,Daejeon,ASORT_MLSFCDC,5.0,1,0.07102272727272728
clean,Daejeon,ASORT_MLSFCDC,4.0,1,0.07102272727272728
clean,Daejeon,ASORT_SDASDC,3.0,555,39.41761363636363
clean,Daejeon,ASORT_SDASDC,2.0,336,23.863636363636363
clean,Daejeon,ASORT_SDASDC,1.0,271,19.24715909090909
clean,Daejeon,ASORT_SDASDC,7.0,70,4.971590909090909
clean,Daejeon,ASORT_SDASDC,6.0,67,4.7585227272727275
clean,Daejeon,ASORT_SDASDC,4.0,34,2.414772727272727
clean,Daejeon,ASORT_SDASDC,10.0,30,2.130681818181818
clean,Daejeon,ASORT_SDASDC,13.0,21,1.4914772727272727
clean,Daejeon,ASORT_SDASDC,5.0,13,0.9232954545454546
clean,Daejeon,ASORT_SDASDC,9.0,7,0.4971590909090909
clean,Daejeon,ASORT_SDASDC,8.0,3,0.2130681818181818
clean,Daejeon,ASORT_SDASDC,12.0,1,0.07102272727272728
clean,Gangwon,ASORT_LCLASDC,7.0,426,30.255681818181817
clean,Gangwon,ASORT_LCLASDC,4.0,328,23.295454545454543
clean,Gangwon,ASORT_LCLASDC,5.0,243,17.258522727272727
clean,Gangwon,ASORT_LCLASDC,3.0,171,12.144886363636363
clean,Gangwon,ASORT_LCLASDC,8.0,149,10.582386363636363
clean,Gangwon,ASORT_LCLASDC,2.0,53,3.7642045454545454
clean,Gangwon,ASORT_LCLASDC,1.0,23,1.6335227272727273
clean,Gangwon,ASORT_LCLASDC,6.0,15,1.065340909090909
clean,Gangwon,ASORT_MLSFCDC,2.0,636,45.17045454545455
clean,Gangwon,ASORT_MLSFCDC,1.0,463,32.88352272727273
clean,Gangwon,ASORT_MLSFCDC,3.0,298,21.164772727272727
clean,Gangwon,ASORT_MLSFCDC,4.0,9,0.6392045454545455
clean,Gangwon,ASORT_MLSFCDC,5.0,2,0.14204545454545456
clean,Gangwon,ASORT_SDASDC,3.0,488,34.659090909090914
clean,Gangwon,ASORT_SDASDC,1.0,423,30.042613636363637
clean,Gangwon,ASORT_SDASDC,2.0,155,11.008522727272728
clean,Gangwon,ASORT_SDASDC,6.0,114,8.096590909090908
clean,Gangwon,ASORT_SDASDC,7.0,78,5.5397727272727275
clean,Gangwon,ASORT_SDASDC,5.0,38,2.6988636363636362
clean,Gangwon,ASORT_SDASDC,4.0,37,2.627840909090909
clean,Gangwon,ASORT_SDASDC,13.0,29,2.059659090909091
clean,Gangwon,ASORT_SDASDC,10.0,25,1.7755681818181819
clean,Gangwon,ASORT_SDASDC,9.0,13,0.9232954545454546
clean,Gangwon,ASORT_SDASDC,8.0,5,0.35511363636363635
clean,Gangwon,ASORT_SDASDC,11.0,3,0.2130681818181818
clean,Gwangju,ASORT_LCLASDC,7.0,369,26.207386363636363
clean,Gwangju,ASORT_LCLASDC,8.0,337,23.93465909090909
clean,Gwangju,ASORT_LCLASDC,4.0,229,16.264204545454543
clean,Gwangju,ASORT_LCLASDC,3.0,207,14.701704545454545
clean,Gwangju,ASORT_LCLASDC,5.0,169,12.002840909090908
clean,Gwangju,ASORT_LCLASDC,2.0,70,4.971590909090909
clean,Gwangju,ASORT_LCLASDC,1.0,23,1.6335227272727273
clean,Gwangju,ASORT_LCLASDC,6.0,4,0.2840909090909091
clean,Gwangju,ASORT_MLSFCDC,1.0,562,39.91477272727273
clean,Gwangju,ASORT_MLSFCDC,2.0,538,38.21022727272727
clean,Gwangju,ASORT_MLSFCDC,3.0,301,21.37784090909091
clean,Gwangju,ASORT_MLSFCDC,4.0,4,0.2840909090909091
clean,Gwangju,ASORT_MLSFCDC,5.0,3,0.2130681818181818
clean,Gwangju,ASORT_SDASDC,3.0,565,40.127840909090914
clean,Gwangju,ASORT_SDASDC,1.0,358,25.426136363636363
clean,Gwangju,ASORT_SDASDC,2.0,165,11.71875
clean,Gwangju,ASORT_SDASDC,7.0,93,6.605113636363637
clean,Gwangju,ASORT_SDASDC,6.0,77,5.46875
clean,Gwangju,ASORT_SDASDC,4.0,57,4.048295454545454
clean,Gwangju,ASORT_SDASDC,10.0,33,2.34375
clean,Gwangju,ASORT_SDASDC,13.0,28,1.9886363636363635
clean,Gwangju,ASORT_SDASDC,5.0,21,1.4914772727272727
clean,Gwangju,ASORT_SDASDC,9.0,6,0.4261363636363636
clean,Gwangju,ASORT_SDASDC,8.0,5,0.35511363636363635
clean,Gyeongbuk,ASORT_LCLASDC,7.0,463,32.88352272727273
clean,Gyeongbuk,ASORT_LCLASDC,8.0,356,25.28409090909091
clean,Gyeongbuk,ASORT_LCLASDC,4.0,225,15.980113636363635
clean,Gyeongbuk,ASORT_LCLASDC,5.0,157,11.150568181818182
clean,Gyeongbuk,ASORT_LCLASDC,3.0,133,9.446022727272728
clean,Gyeongbuk,ASORT_LCLASDC,2.0,39,2.7698863636363638
clean,Gyeongbuk,ASORT_LCLASDC,1.0,21,1.4914772727272727
clean,Gyeongbuk,ASORT_LCLASDC,6.0,14,0.9943181818181818
clean,Gyeongbuk,ASORT_MLSFCDC,1.0,713,50.63920454545454
clean,Gyeongbuk,ASORT_MLSFCDC,2.0,488,34.659090909090914
clean,Gyeongbuk,ASORT_MLSFCDC,3.0,197,13.991477272727273
clean,Gyeongbuk,ASORT_MLSFCDC,4.0,9,0.6392045454545455
clean,Gyeongbuk,ASORT_MLSFCDC,5.0,1,0.07102272727272728
clean,Gyeongbuk,ASORT_SDASDC,3.0,527,37.42897727272727
clean,Gyeongbuk,ASORT_SDASDC,1.0,492,34.94318181818182
clean,Gyeongbuk,ASORT_SDASDC,2.0,177,12.571022727272727
clean,Gyeongbuk,ASORT_SDASDC,6.0,75,5.326704545454546
clean,Gyeongbuk,ASORT_SDASDC,7.0,45,3.196022727272727
clean,Gyeongbuk,ASORT_SDASDC,4.0,26,1.8465909090909092
clean,Gyeongbuk,ASORT_SDASDC,5.0,18,1.278409090909091
clean,Gyeongbuk,ASORT_SDASDC,10.0,18,1.278409090909091
clean,Gyeongbuk,ASORT_SDASDC,13.0,16,1.1363636363636365
clean,Gyeongbuk,ASORT_SDASDC,8.0,8,0.5681818181818182
clean,Gyeongbuk,ASORT_SDASDC,9.0,4,0.2840909090909091
clean,Gyeongbuk,ASORT_SDASDC,11.0,2,0.14204545454545456
clean,Gyeonggi,ASORT_LCLASDC,8.0,384,27.27272727272727
clean,Gyeonggi,ASORT_LCLASDC,7.0,365,25.923295454545453
clean,Gyeonggi,ASORT_LCLASDC,5.0,267,18.963068181818183
clean,Gyeonggi,ASORT_LCLASDC,3.0,169,12.002840909090908
clean,Gyeonggi,ASORT_LCLASDC,4.0,169,12.002840909090908
clean,Gyeonggi,ASORT_LCLASDC,2.0,42,2.9829545454545454
clean,Gyeonggi,ASORT_LCLASDC,1.0,6,0.4261363636363636
clean,Gyeonggi,ASORT_LCLASDC,6.0,6,0.4261363636363636
clean,Gyeonggi,ASORT_MLSFCDC,1.0,577,40.98011363636363
clean,Gyeonggi,ASORT_MLSFCDC,2.0,569,40.41193181818182
clean,Gyeonggi,ASORT_MLSFCDC,3.0,258,18.323863636363637
clean,Gyeonggi,ASORT_MLSFCDC,4.0,4,0.2840909090909091
clean,Gyeonggi,ASORT_SDASDC,3.0,556,39.48863636363637
clean,Gyeonggi,ASORT_SDASDC,1.0,319,22.65625
clean,Gyeonggi,ASORT_SDASDC,2.0,312,22.15909090909091
clean,Gyeonggi,ASORT_SDASDC,7.0,57,4.048295454545454
clean,Gyeonggi,ASORT_SDASDC,6.0,54,3.835227272727273
clean,Gyeonggi,ASORT_SDASDC,4.0,40,2.840909090909091
clean,Gyeonggi,ASORT_SDASDC,5.0,20,1.4204545454545454
clean,Gyeonggi,ASORT_SDASDC,13.0,16,1.1363636363636365
clean,Gyeonggi,ASORT_SDASDC,10.0,16,1.1363636363636365
clean,Gyeonggi,ASORT_SDASDC,9.0,11,0.78125
clean,Gyeonggi,ASORT_SDASDC,8.0,6,0.4261363636363636
clean,Gyeonggi,ASORT_SDASDC,11.0,1,0.07102272727272728
clean,Gyeongnam,ASORT_LCLASDC,7.0,370,26.297085998578535
clean,Gyeongnam,ASORT_LCLASDC,5.0,366,26.01279317697228
clean,Gyeongnam,ASORT_LCLASDC,4.0,249,17.69722814498934
clean,Gyeongnam,ASORT_LCLASDC,8.0,246,17.48400852878465
clean,Gyeongnam,ASORT_LCLASDC,3.0,129,9.168443496801707
clean,Gyeongnam,ASORT_LCLASDC,2.0,33,2.345415778251599
clean,Gyeongnam,ASORT_LCLASDC,1.0,9,0.6396588486140725
clean,Gyeongnam,ASORT_LCLASDC,6.0,5,0.35536602700781805
clean,Gyeongnam,ASORT_MLSFCDC,2.0,723,51.385927505330486
clean,Gyeongnam,ASORT_MLSFCDC,1.0,477,33.90191897654584
clean,Gyeongnam,ASORT_MLSFCDC,3.0,203,14.427860696517413
clean,Gyeongnam,ASORT_MLSFCDC,4.0,4,0.28429282160625446
clean,Gyeongnam,ASORT_SDASDC,3.0,640,45.48685145700071
clean,Gyeongnam,ASORT_SDASDC,1.0,406,28.855721393034827
clean,Gyeongnam,ASORT_SDASDC,2.0,143,10.163468372423596
clean,Gyeongnam,ASORT_SDASDC,6.0,60,4.264392324093817
clean,Gyeongnam,ASORT_SDASDC,7.0,57,4.051172707889126
clean,Gyeongnam,ASORT_SDASDC,4.0,44,3.1272210376687988
clean,Gyeongnam,ASORT_SDASDC,13.0,21,1.4925373134328357
clean,Gyeongnam,ASORT_SDASDC,5.0,13,0.9239516702203269
clean,Gyeongnam,ASORT_SDASDC,10.0,13,0.9239516702203269
clean,Gyeongnam,ASORT_SDASDC,9.0,8,0.5685856432125089
clean,Gyeongnam,ASORT_SDASDC,8.0,2,0.14214641080312723
clean,Incheon,ASORT_LCLASDC,8.0,516,36.67377398720683
clean,Incheon,ASORT_LCLASDC,5.0,313,22.24591329068941
clean,Incheon,ASORT_LCLASDC,7.0,269,19.118692253020612
clean,Incheon,ASORT_LCLASDC,3.0,134,9.523809523809524
clean,Incheon,ASORT_LCLASDC,4.0,131,9.310589907604832
clean,Incheon,ASORT_LCLASDC,2.0,34,2.4164889836531627
clean,Incheon,ASORT_LCLASDC,1.0,9,0.6396588486140725
clean,Incheon,ASORT_LCLASDC,6.0,1,0.07107320540156362
clean,Incheon,ASORT_MLSFCDC,1.0,636,45.20255863539446
clean,Incheon,ASORT_MLSFCDC,2.0,570,40.511727078891255
clean,Incheon,ASORT_MLSFCDC,3.0,199,14.14356787491116
clean,Incheon,ASORT_MLSFCDC,5.0,1,0.07107320540156362
clean,Incheon,ASORT_MLSFCDC,4.0,1,0.07107320540156362
clean,Incheon,ASORT_SDASDC,3.0,550,39.09026297085998
clean,Incheon,ASORT_SDASDC,2.0,453,32.19616204690831
clean,Incheon,ASORT_SDASDC,1.0,224,15.92039800995025
clean,Incheon,ASORT_SDASDC,7.0,45,3.1982942430703627
clean,Incheon,ASORT_SDASDC,6.0,40,2.8429282160625444
clean,Incheon,ASORT_SDASDC,4.0,36,2.55863539445629
clean,Incheon,ASORT_SDASDC,10.0,19,1.3503909026297085
clean,Incheon,ASORT_SDASDC,5.0,17,1.2082444918265813
clean,Incheon,ASORT_SDASDC,13.0,16,1.1371712864250179
clean,Incheon,ASORT_SDASDC,8.0,4,0.28429282160625446
clean,Incheon,ASORT_SDASDC,9.0,2,0.14214641080312723
clean,Incheon,ASORT_SDASDC,12.0,1,0.07107320540156362
clean,Jeju,ASORT_LCLASDC,8.0,404,28.713574982231698
clean,Jeju,ASORT_LCLASDC,4.0,360,25.5863539445629
clean,Jeju,ASORT_LCLASDC,7.0,239,16.986496090973702
clean,Jeju,ASORT_LCLASDC,5.0,233,16.56005685856432
clean,Jeju,ASORT_LCLASDC,3.0,127,9.026297085998578
clean,Jeju,ASORT_LCLASDC,6.0,18,1.279317697228145
clean,Jeju,ASORT_LCLASDC,1.0,14,0.9950248756218906
clean,Jeju,ASORT_LCLASDC,2.0,12,0.8528784648187633
clean,Jeju,ASORT_MLSFCDC,1.0,661,46.979388770433545
clean,Jeju,ASORT_MLSFCDC,2.0,558,39.6588486140725
clean,Jeju,ASORT_MLSFCDC,3.0,177,12.57995735607676
clean,Jeju,ASORT_MLSFCDC,4.0,11,0.7818052594171997
clean,Jeju,ASORT_SDASDC,3.0,491,34.89694385216773
clean,Jeju,ASORT_SDASDC,1.0,373,26.510305614783224
clean,Jeju,ASORT_SDASDC,2.0,296,21.03766879886283
clean,Jeju,ASORT_SDASDC,6.0,73,5.188343994314144
clean,Jeju,ASORT_SDASDC,7.0,57,4.051172707889126
clean,Jeju,ASORT_SDASDC,4.0,52,3.6958066808813075
clean,Jeju,ASORT_SDASDC,13.0,27,1.9189765458422177
clean,Jeju,ASORT_SDASDC,5.0,21,1.4925373134328357
clean,Jeju,ASORT_SDASDC,9.0,7,0.4975124378109453
clean,Jeju,ASORT_SDASDC,10.0,5,0.35536602700781805
clean,Jeju,ASORT_SDASDC,8.0,4,0.28429282160625446
clean,Jeju,ASORT_SDASDC,26.0,1,0.07107320540156362
clean,Jeonbuk,ASORT_LCLASDC,7.0,455,32.33830845771145
clean,Jeonbuk,ASORT_LCLASDC,5.0,412,29.28216062544421
clean,Jeonbuk,ASORT_LCLASDC,4.0,163,11.584932480454867
clean,Jeonbuk,ASORT_LCLASDC,8.0,156,11.087420042643924
clean,Jeonbuk,ASORT_LCLASDC,3.0,134,9.523809523809524
clean,Jeonbuk,ASORT_LCLASDC,2.0,62,4.4065387348969445
clean,Jeonbuk,ASORT_LCLASDC,1.0,20,1.4214641080312722
clean,Jeonbuk,ASORT_LCLASDC,6.0,5,0.35536602700781805
clean,Jeonbuk,ASORT_MLSFCDC,2.0,672,47.76119402985074
clean,Jeonbuk,ASORT_MLSFCDC,1.0,468,33.26226012793177
clean,Jeonbuk,ASORT_MLSFCDC,3.0,262,18.621179815209665
clean,Jeonbuk,ASORT_MLSFCDC,4.0,4,0.28429282160625446
clean,Jeonbuk,ASORT_MLSFCDC,5.0,1,0.07107320540156362
clean,Jeonbuk,ASORT_SDASDC,3.0,649,46.12651030561478
clean,Jeonbuk,ASORT_SDASDC,1.0,381,27.078891257995735
clean,Jeonbuk,ASORT_SDASDC,2.0,134,9.523809523809524
clean,Jeonbuk,ASORT_SDASDC,6.0,82,5.828002842928217
clean,Jeonbuk,ASORT_SDASDC,7.0,73,5.188343994314144
clean,Jeonbuk,ASORT_SDASDC,5.0,24,1.7057569296375266
clean,Jeonbuk,ASORT_SDASDC,4.0,22,1.5636105188343994
clean,Jeonbuk,ASORT_SDASDC,13.0,19,1.3503909026297085
clean,Jeonbuk,ASORT_SDASDC,10.0,16,1.1371712864250179
clean,Jeonbuk,ASORT_SDASDC,9.0,5,0.35536602700781805
clean,Jeonbuk,ASORT_SDASDC,8.0,2,0.14214641080312723
clean,Jeonnam,ASORT_LCLASDC,7.0,623,44.27860696517413
clean,Jeonnam,ASORT_LCLASDC,4.0,263,18.69225302061123
clean,Jeonnam,ASORT_LCLASDC,5.0,160,11.371712864250178
clean,Jeonnam,ASORT_LCLASDC,8.0,133,9.45273631840796
clean,Jeonnam,ASORT_LCLASDC,3.0,130,9.23951670220327
clean,Jeonnam,ASORT_LCLASDC,2.0,68,4.832977967306325
clean,Jeonnam,ASORT_LCLASDC,1.0,15,1.0660980810234542
clean,Jeonnam,ASORT_LCLASDC,6.0,15,1.0660980810234542
clean,Jeonnam,ASORT_MLSFCDC,1.0,634,45.06041222459133
clean,Jeonnam,ASORT_MLSFCDC,2.0,527,37.45557924662402
clean,Jeonnam,ASORT_MLSFCDC,3.0,234,16.631130063965884
clean,Jeonnam,ASORT_MLSFCDC,4.0,11,0.7818052594171997
clean,Jeonnam,ASORT_MLSFCDC,5.0,1,0.07107320540156362
clean,Jeonnam,ASORT_SDASDC,1.0,649,46.12651030561478
clean,Jeonnam,ASORT_SDASDC,3.0,406,28.855721393034827
clean,Jeonnam,ASORT_SDASDC,2.0,102,7.249466950959488
clean,Jeonnam,ASORT_SDASDC,6.0,79,5.614783226723525
clean,Jeonnam,ASORT_SDASDC,7.0,48,3.411513859275053
clean,Jeonnam,ASORT_SDASDC,4.0,42,2.9850746268656714
clean,Jeonnam,ASORT_SDASDC,5.0,23,1.634683724235963
clean,Jeonnam,ASORT_SDASDC,13.0,23,1.634683724235963
clean,Jeonnam,ASORT_SDASDC,10.0,15,1.0660980810234542
clean,Jeonnam,ASORT_SDASDC,8.0,12,0.8528784648187633
clean,Jeonnam,ASORT_SDASDC,9.0,6,0.42643923240938164
clean,Jeonnam,ASORT_SDASDC,23.0,1,0.07107320540156362
clean,Jeonnam,ASORT_SDASDC,11.0,1,0.07107320540156362
clean,Sejong,ASORT_LCLASDC,7.0,735,57.33229329173167
clean,Sejong,ASORT_LCLASDC,8.0,162,12.636505460218409
clean,Sejong,ASORT_LCLASDC,4.0,122,9.51638065522621
clean,Sejong,ASORT_LCLASDC,2.0,90,7.020280811232449
clean,Sejong,ASORT_LCLASDC,3.0,85,6.6302652106084246
clean,Sejong,ASORT_LCLASDC,5.0,48,3.74414976599064
clean,Sejong,ASORT_LCLASDC,1.0,30,2.3400936037441498
clean,Sejong,ASORT_LCLASDC,6.0,10,0.7800312012480499
clean,Sejong,ASORT_MLSFCDC,1.0,526,41.02964118564743
clean,Sejong,ASORT_MLSFCDC,3.0,412,32.13728549141966
clean,Sejong,ASORT_MLSFCDC,2.0,331,25.81903276131045
clean,Sejong,ASORT_MLSFCDC,4.0,9,0.702028081123245
clean,Sejong,ASORT_MLSFCDC,5.0,4,0.31201248049922
clean,Sejong,ASORT_SDASDC,1.0,457,35.64742589703588
clean,Sejong,ASORT_SDASDC,3.0,273,21.29485179407176
clean,Sejong,ASORT_SDASDC,2.0,238,18.564742589703588
clean,Sejong,ASORT_SDASDC,6.0,92,7.17628705148206
clean,Sejong,ASORT_SDASDC,5.0,72,5.61622464898596
clean,Sejong,ASORT_SDASDC,7.0,51,3.978159126365054
clean,Sejong,ASORT_SDASDC,4.0,45,3.5101404056162244
clean,Sejong,ASORT_SDASDC,13.0,15,1.1700468018720749
clean,Sejong,ASORT_SDASDC,10.0,14,1.0920436817472698
clean,Sejong,ASORT_SDASDC,11.0,13,1.014040561622465
clean,Sejong,ASORT_SDASDC,9.0,6,0.46801872074883
clean,Sejong,ASORT_SDASDC,8.0,6,0.46801872074883
clean,Seoul,ASORT_LCLASDC,8.0,509,36.176261549395875
clean,Seoul,ASORT_LCLASDC,5.0,343,24.378109452736318
clean,Seoul,ASORT_LCLASDC,7.0,251,17.839374555792467
clean,Seoul,ASORT_LCLASDC,4.0,127,9.026297085998578
clean,Seoul,ASORT_LCLASDC,3.0,123,8.742004264392325
clean,Seoul,ASORT_LCLASDC,2.0,29,2.061122956645345
clean,Seoul,ASORT_LCLASDC,1.0,17,1.2082444918265813
clean,Seoul,ASORT_LCLASDC,6.0,8,0.5685856432125089
clean,Seoul,ASORT_MLSFCDC,1.0,620,44.06538734896944
clean,Seoul,ASORT_MLSFCDC,2.0,552,39.23240938166311
clean,Seoul,ASORT_MLSFCDC,3.0,232,16.48898365316276
clean,Seoul,ASORT_MLSFCDC,4.0,3,0.21321961620469082
clean,Seoul,ASORT_SDASDC,3.0,728,51.741293532338304
clean,Seoul,ASORT_SDASDC,2.0,318,22.60127931769723
clean,Seoul,ASORT_SDASDC,1.0,210,14.925373134328357
clean,Seoul,ASORT_SDASDC,7.0,44,3.1272210376687988
clean,Seoul,ASORT_SDASDC,6.0,35,2.4875621890547266
clean,Seoul,ASORT_SDASDC,4.0,23,1.634683724235963
clean,Seoul,ASORT_SDASDC,5.0,17,1.2082444918265813
clean,Seoul,ASORT_SDASDC,10.0,17,1.2082444918265813
clean,Seoul,ASORT_SDASDC,13.0,6,0.42643923240938164
clean,Seoul,ASORT_SDASDC,9.0,5,0.35536602700781805
clean,Seoul,ASORT_SDASDC,12.0,2,0.14214641080312723
clean,Seoul,ASORT_SDASDC,8.0,1,0.07107320540156362
clean,Seoul,ASORT_SDASDC,27.0,1,0.07107320540156362
clean,Ulsan,ASORT_LCLASDC,8.0,436,30.987917555081733
clean,Ulsan,ASORT_LCLASDC,7.0,269,19.118692253020612
clean,Ulsan,ASORT_LCLASDC,5.0,234,16.631130063965884
clean,Ulsan,ASORT_LCLASDC,4.0,223,15.849324804548685
clean,Ulsan,ASORT_LCLASDC,3.0,184,13.077469793887705
clean,Ulsan,ASORT_LCLASDC,2.0,40,2.8429282160625444
clean,Ulsan,ASORT_LCLASDC,1.0,16,1.1371712864250179
clean,Ulsan,ASORT_LCLASDC,6.0,5,0.35536602700781805
clean,Ulsan,ASORT_MLSFCDC,1.0,633,44.989339019189764
clean,Ulsan,ASORT_MLSFCDC,2.0,543,38.59275053304904
clean,Ulsan,ASORT_MLSFCDC,3.0,229,16.27576403695807
clean,Ulsan,ASORT_MLSFCDC,4.0,2,0.14214641080312723
clean,Ulsan,ASORT_SDASDC,3.0,668,47.47690120824449
clean,Ulsan,ASORT_SDASDC,1.0,304,21.606254442075336
clean,Ulsan,ASORT_SDASDC,2.0,173,12.295664534470504
clean,Ulsan,ASORT_SDASDC,7.0,91,6.467661691542288
clean,Ulsan,ASORT_SDASDC,6.0,61,4.33546552949538
clean,Ulsan,ASORT_SDASDC,4.0,37,2.6297085998578535
clean,Ulsan,ASORT_SDASDC,5.0,28,1.9900497512437811
clean,Ulsan,ASORT_SDASDC,10.0,21,1.4925373134328357
clean,Ulsan,ASORT_SDASDC,13.0,16,1.1371712864250179
clean,Ulsan,ASORT_SDASDC,9.0,6,0.42643923240938164
clean,Ulsan,ASORT_SDASDC,8.0,2,0.14214641080312723
